fight_id,event_id,event_name,event_date,event_location,r_fighter_id,r_fighter_name,b_fighter_id,b_fighter_name,result_status,winner_id,weight_class,title_fight,method,finish_round,finish_time,time_format,referee,r_total_kd,r_total_sig_landed,r_total_sig_atmp,r_total_total_str_landed,r_total_total_str_atmp,r_total_td_success,r_total_td_atmp,r_total_sub_att,r_total_rev,r_total_ctrl_seconds,r_total_sig_str_landed_head,r_total_sig_str_atmp_head,r_total_sig_str_landed_body,r_total_sig_str_atmp_body,r_total_sig_str_landed_leg,r_total_sig_str_atmp_leg,r_total_sig_str_landed_distance,r_total_sig_str_atmp_distance,r_total_sig_str_landed_clinch,r_total_sig_str_atmp_clinch,r_total_sig_str_landed_ground,r_total_sig_str_atmp_ground,b_total_kd,b_total_sig_landed,b_total_sig_atmp,b_total_total_str_landed,b_total_total_str_atmp,b_total_td_success,b_total_td_atmp,b_total_sub_att,b_total_rev,b_total_ctrl_seconds,b_total_sig_str_landed_head,b_total_sig_str_atmp_head,b_total_sig_str_landed_body,b_total_sig_str_atmp_body,b_total_sig_str_landed_leg,b_total_sig_str_atmp_leg,b_total_sig_str_landed_distance,b_total_sig_str_atmp_distance,b_total_sig_str_landed_clinch,b_total_sig_str_atmp_clinch,b_total_sig_str_landed_ground,b_total_sig_str_atmp_ground,r_height,r_reach_inches,r_stance,r_dob,b_height,b_reach_inches,b_stance,b_dob
568ec6af4008355a,8a0a35e7c74bebcc,UFC 331: Van vs. Pantoja 2,2026-09-19,"Los Angeles, California, USA",17e97649403ba428,Joshua Van,a0f0004aadf10b71,Alexandre Pantoja,win,17e97649403ba428,Flyweight,1,Decision - Unanimous,5,5:00,5 Rnd (5-5-5-5-5),Herb Dean,1,181,305,259,392,0,0,1,1,133,158,278,17,20,6,7,160,278,17,21,4,6,0,147,284,159,300,5,18,0,0,551,91,213,30,37,26,34,124,258,16,18,7,8,"5' 5""",65.0,Orthodox,2001-10-10,"5' 5""",67.0,Orthodox,1990-04-16
fe612d20eec7ef35,8a0a35e7c74bebcc,UFC 331: Van vs. Pantoja 2,2026-09-19,"Los Angeles, California, USA",eae48ff31db420c2,Arman Tsarukyan,9c393e836a852f30,Mauricio Ruffy,win,eae48ff31db420c2,Lightweight,0,KO/TKO,1,4:56,5 Rnd (5-5-5-5-5),Jason Herzog,1,8,19,9,20,1,10,0,0,180,7,14,0,1,1,4,3,13,5,6,0,0,0,4,10,22,28,0,0,0,0,6,3,7,1,2,0,1,2,8,2,2,0,0,"5' 7""",72.0,Orthodox,1996-10-11,"5' 11""",75.0,Orthodox,1996-06-17
f7810c98786c3dd8,8a0a35e7c74bebcc,UFC 331: Van vs. Pantoja 2,2026-09-19,"Los Angeles, California, USA",98a58c26c5b1ed17,Patricio Pitbull,e93b04e308913c2e,Dooho Choi,win,98a58c26c5b1ed17,Featherweight,0,KO/TKO,1,3:28,3 Rnd (5-5-5),Mike Beltran,1,38,75,38,75,0,0,0,0,5,29,65,9,9,0,1,26,60,3,3,9,12,0,20,46,20,46,0,0,0,0,0,17,42,3,4,0,0,18,43,2,3,0,0,"5' 6""",67.0,Orthodox,1987-07-07,"5' 10""",70.0,Orthodox,1991-04-10
023ce4fa7b7b76f9,8a0a35e7c74bebcc,UFC 331: Van vs. Pantoja 2,2026-09-19,"Los Angeles, California, USA",f7e856a73c96048e,Gable Steveson,0f3a990526c5e706,Sean Sharaf,win,0f3a990526c5e706,Heavyweight,0,KO/TKO,1,0:12,3 Rnd (5-5-5),Frank Trigg,0,1,2,1,2,0,0,0,0,0,0,1,0,0,1,1,1,2,0,0,0,0,1,3,6,3,6,0,0,0,0,2,3,6,0,0,0,0,1,4,0,0,2,2,"5' 11""",74.0,Orthodox,2000-05-31,"6' 3""",77.0,Orthodox,1993-07-11
196c64693a2ce308,8a0a35e7c74bebcc,UFC 331: Van vs. Pantoja 2,2026-09-19,"Los Angeles, California, USA",a495f599e787614f,Alonzo Menifield,1c23ec2f1b71be40,Iwo Baraniewski,win,a495f599e787614f,Light Heavyweight,0,Decision - Split,3,5:00,3 Rnd (5-5-5),Jonathan Romero,0,62,162,140,246,1,5,0,0,174,56,155,4,5,2,2,42,132,20,30,0,0,0,67,121,89,146,1,3,0,0,259,52,104,13,15,2,2,50,97,16,23,1,1,"6' 0""",76.0,Orthodox,1987-10-18,"6' 0""",73.0,Orthodox,1998-11-20
d0361fe28d05a0b5,8a0a35e7c74bebcc,UFC 331: Van vs. Pantoja 2,2026-09-19,"Los Angeles, California, USA",7c7332319c14094c,Marlon Vera,f1d64ae34e088832,Charles Jourdain,win,7c7332319c14094c,Bantamweight,0,KO/TKO,3,2:02,3 Rnd (5-5-5),Mike Beltran,3,72,128,80,138,3,3,0,0,135,38,85,22,28,12,15,37,81,21,25,14,22,0,83,127,108,153,0,1,0,0,0,27,62,38,45,18,20,59,94,24,33,0,0,"5' 8""",70.0,Switch,1992-12-02,"5' 9""",69.0,Switch,1995-11-27
3f2d637ffb324a51,8a0a35e7c74bebcc,UFC 331: Van vs. Pantoja 2,2026-09-19,"Los Angeles, California, USA",c62fbc117d57b943,Tai Tuivasa,140567899d98978a,Robelis Despaigne,win,140567899d98978a,Heavyweight,0,Decision - Split,3,5:00,3 Rnd (5-5-5),Jason Herzog,0,31,68,54,93,1,6,0,0,418,17,49,9,9,5,10,12,37,9,19,10,12,0,30,69,83,128,2,2,0,0,308,29,68,1,1,0,0,18,48,6,11,6,10,"6' 2""",75.0,Southpaw,1993-03-16,"6' 7""",84.0,Orthodox,1988-08-09
d89cc2cb92cd8407,8a0a35e7c74bebcc,UFC 331: Van vs. Pantoja 2,2026-09-19,"Los Angeles, California, USA",01c9e4013afce141,Michael Aswell Jr.,a44020ea2e8cd026,JooSang Yoo,win,01c9e4013afce141,Featherweight,0,Decision - Split,3,5:00,3 Rnd (5-5-5),Herb Dean,0,70,145,93,171,0,1,0,0,71,40,111,5,6,25,28,62,136,8,9,0,0,0,46,129,51,135,1,4,0,0,138,35,110,4,6,7,13,44,126,2,3,0,0,"5' 8""",69.0,Orthodox,2000-09-27,"5' 7""",71.0,Orthodox,1994-01-21
51789f77811b1817,8a0a35e7c74bebcc,UFC 331: Van vs. Pantoja 2,2026-09-19,"Los Angeles, California, USA",e463ce0a2ca474f4,Ryan Gandra,6967153c7edb4d87,Ozzy Diaz,win,e463ce0a2ca474f4,Middleweight,0,KO/TKO,1,2:04,3 Rnd (5-5-5),Jonathan Romero,1,16,34,16,34,0,0,0,0,3,13,29,1,3,2,2,10,26,0,0,6,8,0,3,4,3,4,0,0,0,0,0,1,2,1,1,1,1,3,4,0,0,0,0,"6' 1""",74.0,Orthodox,1995-05-08,"6' 4""",79.0,Orthodox,1990-11-22
9be47241c960d082,8a0a35e7c74bebcc,UFC 331: Van vs. Pantoja 2,2026-09-19,"Los Angeles, California, USA",4144798612ef96e5,Edmen Shahbazyan,1e719d4b676dc19a,Brunno Ferreira,win,4144798612ef96e5,Middleweight,0,Decision - Unanimous,3,5:00,3 Rnd (5-5-5),Mike Beltran,1,61,110,63,112,1,3,0,0,57,29,66,11,14,21,30,56,105,4,4,1,1,0,32,108,33,109,0,0,0,0,0,16,81,1,7,15,20,30,105,2,3,0,0,"6' 2""",74.0,Orthodox,1997-11-20,"5' 10""",72.0,Orthodox,1992-11-04
73304588cef4f88b,8a0a35e7c74bebcc,UFC 331: Van vs. Pantoja 2,2026-09-19,"Los Angeles, California, USA",04835018f90b118c,Casey O'Neill,de594b35c45c2e9a,Eduarda Moura,win,04835018f90b118c,Women's Flyweight,0,Submission,1,3:22,3 Rnd (5-5-5),Jason Herzog,0,1,4,1,4,0,0,1,0,0,0,3,0,0,1,1,1,4,0,0,0,0,0,3,7,13,20,0,0,1,0,192,3,7,0,0,0,0,1,3,0,0,2,4,"5' 6""",69.0,Orthodox,1997-10-07,"5' 6""",67.0,Orthodox,1994-02-28
2e35163040eb3189,8a0a35e7c74bebcc,UFC 331: Van vs. Pantoja 2,2026-09-19,"Los Angeles, California, USA",9560ff14eb3129f7,Giga Chikadze,791c8437b341fba5,Joanderson Brito,win,791c8437b341fba5,Featherweight,0,KO/TKO,1,1:57,3 Rnd (5-5-5),Frank Trigg,0,7,12,13,18,0,0,0,0,0,3,8,4,4,0,0,7,12,0,0,0,0,0,20,27,24,31,0,0,0,0,39,18,25,0,0,2,2,3,8,0,0,17,19,"6' 0""",74.0,Orthodox,1988-08-25,"5' 8""",72.0,Orthodox,1995-02-11
034c04e480d87b8f,638cfec7ec559d6e,Noche UFC: Silva vs. Delgado,2026-09-12,"Glendale, Arizona, USA",52ef95b5860fb28c,Jean Silva,7d6ceff6747f2de2,Jose Delgado,win,52ef95b5860fb28c,Featherweight,0,Submission,3,2:57,5 Rnd (5-5-5-5-5),Dan Miragliotta,1,39,77,40,78,1,2,1,0,97,27,60,10,15,2,2,32,66,3,5,4,6,0,40,108,41,109,0,1,0,0,21,17,79,5,7,18,22,35,98,5,9,0,1,"5' 7""",69.0,Orthodox,1996-12-13,"5' 11""",73.0,Switch,1998-04-21
1aa008d8597a73b8,638cfec7ec559d6e,Noche UFC: Silva vs. Delgado,2026-09-12,"Glendale, Arizona, USA",792be9a24df82ed6,Brandon Moreno,2fe9032955c2e013,Joseph Morales,win,792be9a24df82ed6,Flyweight,0,Decision - Split,3,5:00,3 Rnd (5-5-5),Jason Herzog,0,67,180,71,184,2,2,0,0,154,35,144,22,26,10,10,61,171,4,4,2,5,0,71,183,77,189,1,8,0,0,35,58,163,9,14,4,6,61,170,7,10,3,3,"5' 7""",70.0,Orthodox,1993-12-07,"5' 6""",69.0,Switch,1994-08-22
1fca7dfa9e1e15cb,638cfec7ec559d6e,Noche UFC: Silva vs. Delgado,2026-09-12,"Glendale, Arizona, USA",6b0a6def604de298,Tommy McMillen,6eedb757f13b9978,Marwan Rahiki,win,6b0a6def604de298,Featherweight,0,Decision - Unanimous,3,5:00,3 Rnd (5-5-5),Marc Goddard,1,89,237,128,280,5,5,3,0,293,56,192,21,30,12,15,78,220,9,14,2,3,1,79,178,80,179,1,2,0,0,7,46,135,24,32,9,11,69,168,10,10,0,0,"6' 0""",74.0,Orthodox,1997-12-15,"5' 8""",72.0,Orthodox,2002-05-10
d9712b45c094730e,638cfec7ec559d6e,Noche UFC: Silva vs. Delgado,2026-09-12,"Glendale, Arizona, USA",34ff304266360297,Manon Fiorot,e8b731feff72294b,Alexa Grasso,win,e8b731feff72294b,Women's Flyweight,0,Decision - Unanimous,3,5:00,3 Rnd (5-5-5),Blake Grice,0,72,226,73,227,0,0,0,0,2,51,196,19,26,2,4,70,223,2,3,0,0,1,80,196,96,213,0,0,0,0,57,63,170,5,8,12,18,69,181,8,11,3,4,"5' 7""",65.0,Orthodox,1990-02-17,"5' 5""",66.0,Orthodox,1993-08-09
606639bf387f60e2,638cfec7ec559d6e,Noche UFC: Silva vs. Delgado,2026-09-12,"Glendale, Arizona, USA",fc08099550072fe4,Waldo Cortes Acosta,fa6796c55d6c5440,Curtis Blaydes,win,fa6796c55d6c5440,Heavyweight,0,Decision - Unanimous,3,5:00,3 Rnd (5-5-5),Dan Miragliotta,0,28,95,30,97,0,0,0,0,0,21,87,0,0,7,8,28,95,0,0,0,0,0,24,74,32,82,4,10,0,0,218,5,50,4,5,15,19,23,73,0,0,1,1,"6' 4""",78.0,Orthodox,1991-10-03,"6' 4""",80.0,Orthodox,1991-02-18
51caa91f68873cf5,638cfec7ec559d6e,Noche UFC: Silva vs. Delgado,2026-09-12,"Glendale, Arizona, USA",9a97acbfd5a08bfa,David Martinez,82a5152216251682,Dan Ige,win,9a97acbfd5a08bfa,Bantamweight,0,Decision - Unanimous,3,5:00,3 Rnd (5-5-5),Blake Grice,0,52,139,58,146,1,1,0,0,19,25,100,10,19,17,20,52,138,0,1,0,0,0,27,124,27,124,0,1,0,0,5,19,101,4,15,4,8,26,123,1,1,0,0,"5' 5""",67.0,Orthodox,1998-08-03,"5' 7""",71.0,Orthodox,1991-08-06
f154037892b9fb94,638cfec7ec559d6e,Noche UFC: Silva vs. Delgado,2026-09-12,"Glendale, Arizona, USA",c96d9178c9ed9e62,Tim Elliott,5ef94841c4bc3f86,Edgar Chairez,win,c96d9178c9ed9e62,Catch Weight,0,Decision - Unanimous,3,5:00,3 Rnd (5-5-5),Jason Herzog,0,64,204,142,309,5,11,0,0,354,52,176,6,19,6,9,43,161,5,8,16,35,0,58,124,70,136,0,0,1,0,4,41,106,11,12,6,6,56,121,1,1,1,2,"5' 7""",66.0,Southpaw,1986-12-24,"5' 7""",71.0,Orthodox,1996-01-27
046c22f769fd8300,638cfec7ec559d6e,Noche UFC: Silva vs. Delgado,2026-09-12,"Glendale, Arizona, USA",e4a47b07044ddd72,Ignacio Bahamondes,447f9858ae78f921,Muslim Salikhov,win,e4a47b07044ddd72,Welterweight,0,Decision - Unanimous,3,5:00,3 Rnd (5-5-5),Blake Grice,0,78,160,91,175,0,0,0,0,0,39,104,17,26,22,30,66,143,2,2,10,15,0,42,97,44,102,3,8,0,0,76,12,57,10,17,20,23,38,87,0,0,4,10,"6' 3""",75.0,Orthodox,1997-08-27,"5' 11""",70.0,Orthodox,1984-06-09
9a0e77ecd1b7f04e,638cfec7ec559d6e,Noche UFC: Silva vs. Delgado,2026-09-12,"Glendale, Arizona, USA",7674b836ce0698a0,Yousri Belgaroui,312f7d7b2b2f7de4,Djorden Santos,win,7674b836ce0698a0,Middleweight,0,KO/TKO,1,4:25,3 Rnd (5-5-5),Brad Frank,1,46,81,46,81,0,0,0,0,0,16,43,18,26,12,12,45,80,1,1,0,0,0,16,48,16,48,0,0,0,0,0,13,44,0,1,3,3,16,48,0,0,0,0,"6' 6""",79.0,Orthodox,1992-06-02,"6' 0""",75.0,Orthodox,1997-08-01
0aa849ca85e4355a,638cfec7ec559d6e,Noche UFC: Silva vs. Delgado,2026-09-12,"Glendale, Arizona, USA",7cbf7c78d3b34218,Drakkar Klose,de83f920fd302871,Tommy Gantt,win,de83f920fd302871,Lightweight,0,Submission,3,2:46,3 Rnd (5-5-5),Marc Goddard,0,15,30,87,108,0,0,0,1,21,6,17,7,10,2,3,5,12,10,18,0,0,0,56,82,95,126,2,8,1,0,595,24,45,28,32,4,5,7,27,35,39,14,16,"5' 9""",70.0,Orthodox,1988-03-09,"5' 11""",76.0,Orthodox,1993-01-09
d0d48877bf3724d1,638cfec7ec559d6e,Noche UFC: Silva vs. Delgado,2026-09-12,"Glendale, Arizona, USA",e132d47bd9efbbe0,Rafa Garcia,a13d755965a4ec9f,Rongzhu,win,a13d755965a4ec9f,Lightweight,0,Decision - Unanimous,3,5:00,3 Rnd (5-5-5),Gustav Gibson,0,73,189,77,193,1,9,0,0,75,64,178,4,6,5,5,60,171,12,17,1,1,0,109,247,110,248,0,0,0,0,0,78,210,9,13,22,24,108,245,1,2,0,0,"5' 7""",70.0,Orthodox,1994-08-05,"5' 9""",71.0,Orthodox,2000-03-07
5a91827fe8c1dc26,638cfec7ec559d6e,Noche UFC: Silva vs. Delgado,2026-09-12,"Glendale, Arizona, USA",41523699f37d400c,Sean King III,d1026588fa65693f,Jessie Rosas,win,41523699f37d400c,Featherweight,0,KO/TKO,1,0:36,3 Rnd (10-5-5),Brad Frank,0,7,13,7,13,1,1,0,0,4,4,8,1,2,2,3,4,10,0,0,3,3,0,3,6,3,6,0,0,0,0,0,0,2,1,2,2,2,3,6,0,0,0,0,"5' 11""",72.0,Orthodox,2003-10-17,"5' 7""",68.0,Southpaw,2002-12-04
64da2e60f1b472fa,638cfec7ec559d6e,Noche UFC: Silva vs. Delgado,2026-09-12,"Glendale, Arizona, USA",6fd953151d981979,JJ Aldrich,9f5609dba6584ab2,Regina Tarin,win,9f5609dba6584ab2,Women's Flyweight,0,Decision - Unanimous,3,5:00,3 Rnd (5-5-5),Gustav Gibson,0,63,118,74,129,0,4,0,0,41,39,91,14,17,10,10,46,98,17,20,0,0,0,77,190,87,200,0,0,0,0,9,45,146,20,29,12,15,57,164,20,26,0,0,"5' 5""",67.0,Southpaw,1992-09-29,"5' 7""",66.0,Southpaw,2004-10-19
bba8c0ab999b9e6f,2144954270be834d,UFC Fight Night: Hooker vs. Parnasse,2026-09-05,"Paris, Ile-de-France, France",193b9d1858bc4df3,Dan Hooker,b3cb9dfccff3be76,Salahdine Parnasse,win,b3cb9dfccff3be76,Lightweight,0,KO/TKO,1,2:35,5 Rnd (5-5-5-5-5),Marc Goddard,0,14,31,14,31,0,0,0,0,0,0,9,2,3,12,19,14,31,0,0,0,0,1,12,17,12,17,0,0,0,0,2,7,12,2,2,3,3,9,14,0,0,3,3,"6' 0""",75.0,Switch,1990-02-13,"5' 10""",71.0,Southpaw,1997-12-04
55f698e5c4ed2c47,2144954270be834d,UFC Fight Night: Hooker vs. Parnasse,2026-09-05,"Paris, Ile-de-France, France",1e4f273069fb9e85,Fares Ziam,1d2d98ddd05b38fb,Axel Sola,win,1d2d98ddd05b38fb,Lightweight,0,KO/TKO,1,1:40,3 Rnd (5-5-5),Herb Dean,0,7,13,7,13,0,0,0,0,0,0,5,2,2,5,6,7,13,0,0,0,0,1,9,13,9,13,0,0,0,0,2,7,10,2,3,0,0,6,10,0,0,3,3,"6' 1""",75.0,Orthodox,1997-03-21,"6' 0""",74.0,Southpaw,1997-09-17
c23197c7e4f2fd9d,2144954270be834d,UFC Fight Night: Hooker vs. Parnasse,2026-09-05,"Paris, Ile-de-France, France",a67d071163962af8,Michael Page,49d2a08964c5eb11,Nursulton Ruziboev,win,a67d071163962af8,Middleweight,0,Decision - Unanimous,3,5:00,3 Rnd (5-5-5),Jason Herzog,0,12,28,49,66,0,2,1,0,66,7,19,2,5,3,4,11,27,1,1,0,0,0,8,29,21,42,2,3,0,0,328,5,26,2,2,1,1,3,23,1,2,4,4,"6' 3""",79.0,Switch,1987-04-07,"6' 5""",76.0,Orthodox,1993-11-19
8300a095a4908ab1,2144954270be834d,UFC Fight Night: Hooker vs. Parnasse,2026-09-05,"Paris, Ile-de-France, France",70dd69b6a703257e,Daniil Donchenko,64facb6cc564262d,Punahele Soriano,win,70dd69b6a703257e,Welterweight,0,Decision - Unanimous,3,5:00,3 Rnd (5-5-5),Marc Goddard,1,83,137,120,180,0,1,0,0,41,46,94,21,27,16,16,64,116,11,13,8,8,0,15,84,43,115,4,11,1,0,212,12,68,3,16,0,0,11,78,4,6,0,0,"5' 11""",71.0,Orthodox,2001-08-04,"5' 11""",72.0,Southpaw,1992-11-22
cbf9063d23513661,2144954270be834d,UFC Fight Night: Hooker vs. Parnasse,2026-09-05,"Paris, Ile-de-France, France",9d51798e61f2e0c7,Kurtis Campbell,0bc697c5936a2d0a,Trevor Peek,win,9d51798e61f2e0c7,Featherweight,0,Submission,3,3:07,3 Rnd (5-5-5),Herb Dean,0,44,61,79,108,13,24,1,0,620,36,48,7,11,1,2,17,28,1,3,26,30,0,12,35,17,40,0,0,0,0,0,5,25,4,4,3,6,10,32,2,3,0,0,"5' 9""",72.0,Switch,2002-07-29,"5' 9""",70.0,Switch,1995-01-09
b90b099c1f47bb93,2144954270be834d,UFC Fight Night: Hooker vs. Parnasse,2026-09-05,"Paris, Ile-de-France, France",5b43d68174b6e2ab,Losene Keita,8d11d9c13e2ccdf7,Muhammad Naimov,win,5b43d68174b6e2ab,Featherweight,0,KO/TKO,1,2:54,3 Rnd (5-5-5),Jason Herzog,2,18,30,19,31,0,0,0,0,20,16,27,2,3,0,0,10,21,0,0,8,9,0,4,24,4,24,0,0,0,0,0,2,21,2,3,0,0,4,24,0,0,0,0,"5' 7""",72.0,Orthodox,1997-12-30,"5' 9""",70.0,Orthodox,1994-08-07
ad17c34e0cc7d702,2144954270be834d,UFC Fight Night: Hooker vs. Parnasse,2026-09-05,"Paris, Ile-de-France, France",5b03b61f9d90125e,Morgan Charriere,9256f591b30c073e,Felipe Lima,win,9256f591b30c073e,Featherweight,0,Decision - Unanimous,3,5:00,3 Rnd (5-5-5),Herb Dean,0,36,146,38,148,0,3,1,0,31,24,122,11,22,1,2,36,144,0,2,0,0,0,112,218,115,221,2,2,0,0,13,82,174,18,25,12,19,107,212,5,6,0,0,"5' 8""",69.0,Orthodox,1995-10-26,"5' 6""",68.0,Orthodox,1998-05-07
b1c6ea7d7d413bd5,2144954270be834d,UFC Fight Night: Hooker vs. Parnasse,2026-09-05,"Paris, Ile-de-France, France",39d309957c5c210d,Mario Pinto,a67f5afa8d6a1b80,Ryan Spann,win,39d309957c5c210d,Heavyweight,0,KO/TKO,2,0:55,3 Rnd (5-5-5),Marc Goddard,0,48,67,114,137,6,7,0,0,213,47,66,1,1,0,0,10,24,6,9,32,34,0,13,34,16,37,0,1,1,0,20,10,31,3,3,0,0,6,24,7,10,0,0,"6' 5""",79.0,Orthodox,1998-03-14,"6' 5""",79.0,Orthodox,1991-08-24
94d411112ebe8fad,2144954270be834d,UFC Fight Night: Hooker vs. Parnasse,2026-09-05,"Paris, Ile-de-France, France",46e2011d92463b7e,Oumar Sy,476fe566d2df676e,Modestas Bukauskas,win,476fe566d2df676e,Light Heavyweight,0,KO/TKO,2,3:57,3 Rnd (5-5-5),Jason Herzog,0,39,59,48,71,3,8,1,0,308,27,45,5,7,7,7,11,23,3,4,25,32,1,22,46,29,56,0,0,0,0,95,22,46,0,0,0,0,1,19,6,8,15,19,"6' 4""",83.0,Orthodox,1995-11-21,"6' 3""",76.0,Switch,1994-02-10
ac3af13ffe39b1d8,2144954270be834d,UFC Fight Night: Hooker vs. Parnasse,2026-09-05,"Paris, Ile-de-France, France",329e403448756217,Nathaniel Wood,93f9c19ae41d2a97,Pavel Andrusca,win,93f9c19ae41d2a97,Featherweight,0,Decision - Unanimous,3,5:00,3 Rnd (5-5-5),Herb Dean,1,28,86,57,118,0,0,0,0,9,17,63,7,13,4,10,26,79,2,6,0,1,0,50,105,69,131,4,19,1,0,366,44,92,4,11,2,2,33,82,9,13,8,10,"5' 6""",69.0,Orthodox,1993-05-08,"5' 7""",66.0,Orthodox,2002-05-08
1f973e21581b082a,2144954270be834d,UFC Fight Night: Hooker vs. Parnasse,2026-09-05,"Paris, Ile-de-France, France",22e3458965d5d08a,Michael Aljarouj,9911989cf48b195d,Fabia Sintes,win,9911989cf48b195d,Flyweight,0,Decision - Unanimous,3,5:00,3 Rnd (5-5-5),Marc Goddard,0,10,32,70,99,0,3,1,1,264,5,23,1,2,4,7,5,24,2,4,3,4,0,28,49,61,88,3,8,3,0,379,15,32,11,12,2,5,10,26,6,6,12,17,"5' 5""",66.0,Orthodox,1997-08-21,"5' 7""",65.0,Orthodox,1994-07-27
809ebb0cfdd01ce2,2144954270be834d,UFC Fight Night: Hooker vs. Parnasse,2026-09-05,"Paris, Ile-de-France, France",f2b3f4ef3f780168,Nora Cornolle,9f5e3c20ce40b344,Klaudia Sygula,win,f2b3f4ef3f780168,Women's Bantamweight,0,Decision - Unanimous,3,5:00,3 Rnd (5-5-5),Christophe Chapuis,0,34,63,60,93,4,7,1,0,539,16,38,16,20,2,5,13,30,19,29,2,4,0,23,64,103,151,0,1,0,1,195,16,55,7,9,0,0,13,50,9,11,1,3,"5' 7""",67.0,Orthodox,1989-12-06,"5' 8""",69.0,Orthodox,1998-12-30
e5fd7ef7ccf955b8,2144954270be834d,UFC Fight Night: Hooker vs. Parnasse,2026-09-05,"Paris, Ile-de-France, France",ec322adbabbfa6e7,Matthieu Duclos,33a86e839ad202d8,Luis Felipe Dias,win,ec322adbabbfa6e7,Middleweight,0,KO/TKO,1,4:35,3 Rnd (5-5-5),Mohamed Khamallah,1,18,43,20,47,0,0,0,0,5,13,38,4,4,1,1,16,41,1,1,1,1,0,22,50,23,51,0,0,0,0,33,15,38,4,6,3,6,19,45,3,5,0,0,"6' 3""",76.0,Orthodox,1995-04-04,"5' 10""",74.0,,1995-01-17
9226a13d001b49ec,2144954270be834d,UFC Fight Night: Hooker vs. Parnasse,2026-09-05,"Paris, Ile-de-France, France",3138df4d117ebc12,Delphine Benouaich,8b1b051038354655,Sofia Montenegro,win,3138df4d117ebc12,Women's Strawweight,0,Submission,2,4:22,3 Rnd (5-5-5),Mourad Benseghir,1,146,249,154,262,0,0,1,0,101,104,200,29,36,13,13,106,199,10,12,30,38,0,72,197,72,199,0,0,0,0,0,52,170,11,16,9,11,68,190,4,7,0,0,"5' 3""",63.0,Orthodox,1995-03-21,"5' 6""",67.0,Orthodox,1999-06-18
228fefc6923c40a5,9d61d8cb1c354867,UFC Fight Night: Nurmagomedov vs. Song,2026-08-29,"Shanghai, China",2b6fc1c02736833d,Umar Nurmagomedov,efb96bf3e9ada36f,Song Yadong,win,efb96bf3e9ada36f,Bantamweight,0,KO/TKO,2,1:48,5 Rnd (5-5-5-5-5),Marc Goddard,0,13,21,23,32,1,3,0,0,118,7,14,0,0,6,7,13,21,0,0,0,0,1,11,23,24,36,0,0,1,0,2,5,15,3,3,3,5,9,20,0,0,2,3,"5' 8""",69.0,Orthodox,1996-01-03,"5' 8""",67.0,Orthodox,1997-12-02
73cb6c4e060c4ee9,9d61d8cb1c354867,UFC Fight Night: Nurmagomedov vs. Song,2026-08-29,"Shanghai, China",c41d426cc7326d1b,Yan Xiaonan,cffb87059e645bd1,Denise Gomes,win,cffb87059e645bd1,Women's Strawweight,0,KO/TKO,1,4:49,3 Rnd (5-5-5),Herb Dean,0,19,59,19,59,0,0,0,0,0,11,41,3,6,5,12,18,56,1,3,0,0,1,18,48,20,50,0,0,0,0,0,12,35,3,5,3,8,16,45,0,0,2,3,"5' 5""",63.0,Orthodox,1989-06-16,"5' 2""",63.0,Orthodox,1999-12-30
4af8cb715ac0d459,9d61d8cb1c354867,UFC Fight Night: Nurmagomedov vs. Song,2026-08-29,"Shanghai, China",7d420039bbfe7c1a,Aoriqileng,d33da8a3d82bdb62,Kai Asakura,win,d33da8a3d82bdb62,Bantamweight,0,KO/TKO,2,0:34,3 Rnd (5-5-5),Vitor Ribeiro,0,14,28,18,32,0,0,0,0,0,5,13,5,9,4,6,14,28,0,0,0,0,1,27,50,29,52,0,1,0,0,39,19,38,5,6,3,6,21,43,1,1,5,6,"5' 7""",69.0,Orthodox,1993-06-25,"5' 8""",69.0,Orthodox,1993-10-31
48a5d9c4592d2f2a,9d61d8cb1c354867,UFC Fight Night: Nurmagomedov vs. Song,2026-08-29,"Shanghai, China",ab2b4ff41d6ebe0f,Alex Perez,3cf18e01cb6cbde3,Sumudaerji,win,3cf18e01cb6cbde3,Flyweight,0,Decision - Unanimous,3,5:00,3 Rnd (5-5-5),Marc Goddard,0,10,43,52,88,4,8,0,0,440,6,31,2,7,2,5,10,41,0,0,0,2,0,41,80,85,126,0,2,0,0,14,18,50,5,9,18,21,39,78,2,2,0,0,"5' 6""",65.0,Orthodox,1992-03-21,"5' 8""",72.0,Southpaw,1996-01-20
f894989058f2bb05,9d61d8cb1c354867,UFC Fight Night: Nurmagomedov vs. Song,2026-08-29,"Shanghai, China",a9936818d709e2d7,Liu Ce,9ac4e43ed56429ed,Levi Rodrigues Jr.,win,a9936818d709e2d7,Light Heavyweight,0,KO/TKO,1,4:26,3 Rnd (5-5-5),Herb Dean,2,59,82,60,83,0,0,0,0,4,42,62,9,12,8,8,54,75,5,7,0,0,0,28,57,28,57,0,2,0,0,44,23,51,2,2,3,4,27,56,1,1,0,0,"6' 3""",77.0,Orthodox,1996-09-04,"6' 0""",76.0,Orthodox,1996-10-15
1fe768d599c159dc,9d61d8cb1c354867,UFC Fight Night: Nurmagomedov vs. Song,2026-08-29,"Shanghai, China",5182316da3c1d891,Bilal Hasan,bf60dd3256801649,Nilson Rojas,win,5182316da3c1d891,Flyweight,0,KO/TKO,2,2:28,3 Rnd (5-5-5),Vitor Ribeiro,1,53,129,56,137,1,1,0,0,63,28,81,20,37,5,11,38,111,8,10,7,8,0,33,66,37,70,0,0,0,0,3,17,46,13,17,3,3,28,59,5,7,0,0,"5' 7""",70.0,Switch,2001-07-16,"5' 6""",63.0,Orthodox,1999-04-21
80f7f5405d5ffca0,9d61d8cb1c354867,UFC Fight Night: Nurmagomedov vs. Song,2026-08-29,"Shanghai, China",e1f8beeb6d2d871a,Namsrai Batbayar,b1f21ce050035d58,Andre Lima,win,b1f21ce050035d58,Flyweight,0,Submission,3,3:03,3 Rnd (5-5-5),Steve Perceval,0,51,141,51,141,0,1,0,0,8,24,101,9,12,18,28,49,139,2,2,0,0,0,47,77,47,77,0,0,1,1,13,23,49,9,10,15,18,47,77,0,0,0,0,"5' 4""",68.0,Orthodox,2000-12-29,"5' 7""",67.0,Orthodox,1999-02-04
ec5281a72f09d8ac,9d61d8cb1c354867,UFC Fight Night: Nurmagomedov vs. Song,2026-08-29,"Shanghai, China",2f43a3e82661fa99,Rei Tsuruya,34b96d52db1d26e6,Kevin Borjas,win,2f43a3e82661fa99,Flyweight,0,Submission,1,4:14,3 Rnd (5-5-5),Matt Wynne,0,39,67,71,101,2,4,1,0,238,39,67,0,0,0,0,0,0,0,0,39,67,0,0,0,1,3,0,0,0,0,0,0,0,0,0,0,0,0,0,0,0,0,0,"5' 6""",68.0,Orthodox,2002-06-22,"5' 5""",68.0,Orthodox,1997-12-06
8a980234dab7ae43,9d61d8cb1c354867,UFC Fight Night: Nurmagomedov vs. Song,2026-08-29,"Shanghai, China",a9da3158dd2c2b5a,Jack Jenkins,4682bc59d5f55145,Sean Woodson,win,4682bc59d5f55145,Featherweight,0,Decision - Split,3,5:00,3 Rnd (5-5-5),Marc Goddard,0,43,95,72,130,0,5,1,1,287,18,62,9,9,16,24,32,80,9,13,2,2,0,58,129,130,204,0,2,0,0,71,33,88,10,21,15,20,52,121,6,8,0,0,"5' 7""",68.0,Switch,1993-11-03,"6' 2""",78.0,Orthodox,1992-06-07
636867bbc9f96739,9d61d8cb1c354867,UFC Fight Night: Nurmagomedov vs. Song,2026-08-29,"Shanghai, China",86bace9e4ad85542,Xiao Long,874cfc98877daecd,Francesco Nuzzi,win,874cfc98877daecd,Bantamweight,0,KO/TKO,1,1:00,3 Rnd (5-5-5),Herb Dean,0,4,7,4,7,0,0,0,0,0,0,1,2,2,2,4,4,7,0,0,0,0,1,11,20,12,21,0,0,0,0,2,9,17,2,3,0,0,6,13,3,3,2,4,"5' 8""",70.0,Orthodox,1998-04-13,"5' 6""",71.0,Southpaw,1996-08-28
ab5922e10699e869,9d61d8cb1c354867,UFC Fight Night: Nurmagomedov vs. Song,2026-08-29,"Shanghai, China",a1ad35b98a9136e5,Lawrence Lui,8e4902b4a8045070,Hector Santiago,win,8e4902b4a8045070,Bantamweight,0,KO/TKO,2,0:53,3 Rnd (5-5-5),Vitor Ribeiro,0,32,59,32,59,0,1,0,0,1,20,42,3,7,9,10,31,57,1,2,0,0,1,30,111,32,113,0,0,0,0,7,24,99,6,12,0,0,26,105,0,0,4,6,"5' 7""",72.0,Orthodox,1996-08-04,"5' 5""",68.0,Orthodox,1993-03-21
6206c62fc8f0b71b,9d61d8cb1c354867,UFC Fight Night: Nurmagomedov vs. Song,2026-08-29,"Shanghai, China",2cdb479a0ef0ee1d,Xiong Jingnan,abb68e3c7ca128f2,Julia Polastri,win,abb68e3c7ca128f2,Women's Strawweight,0,KO/TKO,1,3:06,3 Rnd (5-5-5),Steve Perceval,0,16,42,16,44,0,0,0,0,0,7,28,5,10,4,4,12,37,4,5,0,0,1,16,25,16,25,0,0,0,0,0,9,17,6,6,1,2,13,21,3,4,0,0,"5' 4""",63.0,Switch,1988-01-12,"5' 2""",63.0,Orthodox,1998-03-05
6cd4457edf4089f9,9d61d8cb1c354867,UFC Fight Night: Nurmagomedov vs. Song,2026-08-29,"Shanghai, China",e0664abaa023fd6f,Ding Meng,34d4cae19105eb68,Cam Nelson,win,34d4cae19105eb68,Welterweight,0,Decision - Unanimous,3,5:00,3 Rnd (5-5-5),Matt Wynne,0,39,79,72,116,0,1,0,0,70,12,41,13,21,14,17,34,74,5,5,0,0,0,41,70,47,80,4,11,0,0,394,32,57,1,2,8,11,15,30,1,2,25,38,"6' 2""",73.0,Orthodox,1994-09-27,"5' 11""",72.0,Orthodox,1998-07-28
fb77b08a90b92d5b,a0a69dc9914ef6e1,UFC Fight Night: Hernandez vs. Rodrigues,2026-08-22,"Sacramento, California, USA",093e1f5bb73850be,Anthony Hernandez,d1c65d2cf2925ddd,Gregory Rodrigues,win,d1c65d2cf2925ddd,Middleweight,0,Decision - Unanimous,5,5:00,5 Rnd (5-5-5-5-5),Herb Dean,0,90,159,111,184,3,29,0,0,640,89,158,1,1,0,0,64,125,20,28,6,6,3,174,283,243,359,0,0,0,0,160,111,209,39,48,24,26,135,228,31,43,8,12,"6' 0""",75.0,Orthodox,1993-10-18,"6' 3""",75.0,Orthodox,1992-02-17
a57ccf31c5f6f82b,a0a69dc9914ef6e1,UFC Fight Night: Hernandez vs. Rodrigues,2026-08-22,"Sacramento, California, USA",e2f6b2769aaedd6c,Serghei Spivac,71171fc96445bf65,Vitor Petrino,win,71171fc96445bf65,Heavyweight,0,Decision - Unanimous,3,5:00,3 Rnd (5-5-5),Mike Beltran,0,23,67,33,77,0,2,0,1,22,22,65,1,2,0,0,21,65,0,0,2,2,0,64,99,126,177,4,6,0,0,367,30,58,13,19,21,22,43,74,4,5,17,20,"6' 3""",78.0,Orthodox,1995-01-24,"6' 2""",77.0,Orthodox,1997-08-28
0eba299c9b6760fa,a0a69dc9914ef6e1,UFC Fight Night: Hernandez vs. Rodrigues,2026-08-22,"Sacramento, California, USA",d549cefc7c54ab78,Reinier de Ridder,327d5f279895110d,Roman Dolidze,win,d549cefc7c54ab78,Light Heavyweight,0,KO/TKO,1,4:01,3 Rnd (5-5-5),Frank Trigg,0,71,83,106,119,0,0,0,0,221,70,82,1,1,0,0,3,5,0,0,68,78,0,1,4,4,8,0,0,0,0,0,0,3,0,0,1,1,1,4,0,0,0,0,"6' 4""",78.0,Southpaw,1990-09-07,"6' 2""",76.0,Orthodox,1988-07-15
bf70d01518c80fba,a0a69dc9914ef6e1,UFC Fight Night: Hernandez vs. Rodrigues,2026-08-22,"Sacramento, California, USA",e2be0c1a9b886d92,MarQuel Mederos,f6ad6a1e4d600e0d,Mason Jones,win,e2be0c1a9b886d92,Lightweight,0,KO/TKO,2,2:07,3 Rnd (5-5-5),Jason Herzog,1,73,106,82,115,0,4,0,1,54,52,83,5,6,16,17,65,92,8,12,0,2,0,77,151,84,158,1,1,0,0,30,53,123,19,23,5,5,58,129,15,17,4,5,"5' 10""",69.0,Orthodox,1996-11-30,"5' 10""",74.0,Orthodox,1995-04-26
a4b3becc0cc394d7,a0a69dc9914ef6e1,UFC Fight Night: Hernandez vs. Rodrigues,2026-08-22,"Sacramento, California, USA",f1ab6f37492c630a,Carli Judice,8061a3136026a673,Jeisla Chaves,win,f1ab6f37492c630a,Women's Flyweight,0,KO/TKO,1,1:39,3 Rnd (5-5-5),David Shurley,1,16,35,16,35,0,0,0,0,2,9,25,7,10,0,0,12,31,2,2,2,2,0,10,28,10,28,0,0,0,0,0,4,21,5,6,1,1,9,27,1,1,0,0,"5' 7""",68.0,Southpaw,1999-03-02,"5' 6""",68.0,Orthodox,1997-02-02
a6873fd459587d17,a0a69dc9914ef6e1,UFC Fight Night: Hernandez vs. Rodrigues,2026-08-22,"Sacramento, California, USA",b34976c022b24568,Anthony Wint,23a81656507b56a3,Terrance Chatman,win,b34976c022b24568,Heavyweight,0,Submission,1,4:29,3 Rnd (5-5-5),Herb Dean,0,5,9,46,50,1,3,1,0,162,2,6,1,1,2,2,4,8,0,0,1,1,0,1,4,2,5,0,0,1,0,2,1,3,0,0,0,1,1,4,0,0,0,0,"5' 11""",78.0,Orthodox,1995-09-14,"6' 0""",76.0,Orthodox,1997-05-05
2bbacf9ed3c64184,a0a69dc9914ef6e1,UFC Fight Night: Hernandez vs. Rodrigues,2026-08-22,"Sacramento, California, USA",e00a3dee329a51f7,Jamall Emmers,640a0f838f057a81,Lerryan Douglas,win,e00a3dee329a51f7,Featherweight,0,KO/TKO,1,3:38,3 Rnd (5-5-5),Jason Herzog,1,17,29,17,29,0,0,0,0,2,10,20,2,3,5,6,14,25,1,1,2,3,0,14,27,14,27,0,0,0,0,0,6,17,1,2,7,8,14,25,0,2,0,0,"5' 10""",74.0,Orthodox,1989-07-24,"5' 9""",72.0,Orthodox,1995-04-27
5d2c1c4dd444772f,a0a69dc9914ef6e1,UFC Fight Night: Hernandez vs. Rodrigues,2026-08-22,"Sacramento, California, USA",8667caa0451d245b,Kennedy Nzechukwu,6747ccd6d1acd266,Shamil Gaziev,win,6747ccd6d1acd266,Heavyweight,0,KO/TKO,1,1:20,3 Rnd (5-5-5),Mike Beltran,0,3,7,3,7,0,0,0,0,0,3,7,0,0,0,0,3,7,0,0,0,0,1,2,5,2,5,0,0,0,0,0,2,4,0,1,0,0,2,5,0,0,0,0,"6' 5""",83.0,Southpaw,1992-06-13,"6' 4""",78.0,Orthodox,1990-02-10
bbd05484f8c8d739,a0a69dc9914ef6e1,UFC Fight Night: Hernandez vs. Rodrigues,2026-08-22,"Sacramento, California, USA",06626b6287e1ae1e,Chris Padilla,b7b84ccd221be298,Nasrat Haqparast,win,06626b6287e1ae1e,Lightweight,0,Submission,3,4:59,3 Rnd (5-5-5),Frank Trigg,1,125,227,125,227,1,3,1,0,45,63,154,21,31,41,42,107,202,8,12,10,13,0,71,168,73,170,0,2,0,0,0,43,133,24,28,4,7,58,153,13,15,0,0,"5' 9""",74.0,Orthodox,1995-09-14,"5' 10""",72.0,Southpaw,1995-08-22
7e86f774f19e5e59,a0a69dc9914ef6e1,UFC Fight Night: Hernandez vs. Rodrigues,2026-08-22,"Sacramento, California, USA",c85bad793cd14e28,Marcio Barbosa,d958ed9e5a08c849,Ryan Kuse,win,c85bad793cd14e28,Featherweight,0,KO/TKO,1,2:47,3 Rnd (5-5-5),Jason Herzog,1,11,25,11,25,0,0,0,0,12,8,22,3,3,0,0,10,23,1,2,0,0,0,5,21,5,21,0,5,0,0,0,4,17,0,3,1,1,5,21,0,0,0,0,"5' 6""",70.0,Orthodox,1998-05-22,"5' 8""",71.0,Orthodox,1994-06-24
116dc88b63113f61,a0a69dc9914ef6e1,UFC Fight Night: Hernandez vs. Rodrigues,2026-08-22,"Sacramento, California, USA",b2a78df161bd67f9,Gauge Young,5be51426ff3c1929,Stan Dorsainvil,win,5be51426ff3c1929,Lightweight,0,Decision - Unanimous,3,5:00,3 Rnd (5-5-5),Mike Beltran,0,137,253,153,270,3,9,0,0,159,93,192,29,40,15,21,122,227,8,14,7,12,0,123,298,133,309,2,7,0,0,89,106,272,11,19,6,7,89,249,33,48,1,1,"5' 9""",70.0,Orthodox,2000-07-14,"5' 9""",76.0,Orthodox,2000-05-12
11e4a448ce1ae5e3,a0a69dc9914ef6e1,UFC Fight Night: Hernandez vs. Rodrigues,2026-08-22,"Sacramento, California, USA",b4443fae47e7eb9d,Wes Schultz,3eeec2f53cebdf12,Jackson McVey,win,3eeec2f53cebdf12,Middleweight,0,KO/TKO,1,4:13,3 Rnd (5-5-5),Jason Herzog,0,24,43,28,48,1,1,1,0,65,11,27,12,15,1,1,20,37,4,6,0,0,1,38,78,40,80,0,0,0,0,14,32,69,6,9,0,0,34,72,1,3,3,3,"6' 0""",77.0,Orthodox,1996-08-09,"6' 4""",77.0,Southpaw,1999-03-25
97fb716bc7b8751a,a0a69dc9914ef6e1,UFC Fight Night: Hernandez vs. Rodrigues,2026-08-22,"Sacramento, California, USA",cfbb3edab781dfd2,Shanelle Dyer,ac7c765882f2c68c,Elise Reed,win,cfbb3edab781dfd2,Women's Strawweight,0,KO/TKO,3,1:42,3 Rnd (5-5-5),David Shurley,0,136,217,139,220,1,1,0,0,84,84,158,29,32,23,27,114,191,22,26,0,0,0,49,104,59,115,0,0,0,0,18,13,49,21,31,15,24,44,97,5,7,0,0,"5' 6""",65.0,Orthodox,2001-04-23,"5' 3""",63.0,Orthodox,1992-12-05
365fd759c03e93cf,b96619b3acd7d9da,UFC 330: Makhachev vs. Machado Garry,2026-08-15,"Philadelphia, Pennsylvania, USA",275aca31f61ba28c,Islam Makhachev,442c9011034ae1fd,Ian Machado Garry,win,275aca31f61ba28c,Welterweight,1,Decision - Unanimous,5,5:00,5 Rnd (5-5-5-5-5),Herb Dean,1,22,44,78,114,7,15,0,0,750,9,31,3,3,10,10,15,36,6,7,1,1,0,29,65,89,141,0,0,0,0,34,7,40,16,17,6,8,22,57,7,8,0,0,"5' 10""",70.0,Southpaw,1991-10-27,"6' 3""",74.0,Orthodox,1997-11-17
4700d42c9869674a,b96619b3acd7d9da,UFC 330: Makhachev vs. Machado Garry,2026-08-15,"Philadelphia, Pennsylvania, USA",7447e9f28508106a,Mackenzie Dern,38c7f72747f4f712,Gillian Robertson,win,7447e9f28508106a,Women's Strawweight,1,Decision - Unanimous,5,5:00,5 Rnd (5-5-5-5-5),Keith Peterson,0,65,168,122,239,4,6,1,0,648,40,140,14,17,11,11,55,153,2,2,8,13,0,49,131,136,237,1,3,0,2,407,37,107,9,19,3,5,24,100,8,10,17,21,"5' 4""",63.0,Orthodox,1993-03-24,"5' 5""",63.0,Orthodox,1995-05-17
d4bd456d70965734,b96619b3acd7d9da,UFC 330: Makhachev vs. Machado Garry,2026-08-15,"Philadelphia, Pennsylvania, USA",4d8fa64202cee4c1,Jalin Turner,ec13c393d029297d,Kaue Fernandes,win,4d8fa64202cee4c1,Lightweight,0,KO/TKO,1,0:39,3 Rnd (5-5-5),Jason Herzog,1,9,14,9,14,0,0,0,0,5,8,11,1,2,0,1,1,4,0,0,8,10,0,2,4,2,4,0,0,0,0,0,1,2,0,1,1,1,2,4,0,0,0,0,"6' 3""",77.0,Southpaw,1995-05-18,"5' 9""",73.0,Orthodox,1995-03-17
53902dcb3e213b18,b96619b3acd7d9da,UFC 330: Makhachev vs. Machado Garry,2026-08-15,"Philadelphia, Pennsylvania, USA",841695e02c99a521,Mansur Abdul-Malik,71505842fb6455c3,Dustin Stoltzfus,win,71505842fb6455c3,Middleweight,0,Submission,2,4:25,3 Rnd (5-5-5),Keith Peterson,0,34,67,34,68,1,1,0,0,37,19,48,9,11,6,8,22,45,9,14,3,8,0,43,70,61,92,2,7,1,0,182,25,48,12,15,6,7,15,32,14,22,14,16,"6' 2""",80.0,Orthodox,1997-10-07,"6' 0""",75.0,Orthodox,1991-11-15
8e482cead0c7eb15,b96619b3acd7d9da,UFC 330: Makhachev vs. Machado Garry,2026-08-15,"Philadelphia, Pennsylvania, USA",64a50dad704d1d49,Edson Barboza,323d4ca260dfa0ba,Esteban Ribovics,win,323d4ca260dfa0ba,Lightweight,0,KO/TKO,2,1:32,3 Rnd (5-5-5),Herb Dean,0,30,64,30,64,0,0,0,0,0,13,42,11,16,6,6,29,63,1,1,0,0,0,63,126,70,133,0,0,0,0,19,41,101,10,11,12,14,49,107,14,18,0,1,"5' 11""",75.0,Orthodox,1986-01-21,"5' 10""",69.0,Orthodox,1996-04-27
6e495deac1f57169,b96619b3acd7d9da,UFC 330: Makhachev vs. Machado Garry,2026-08-15,"Philadelphia, Pennsylvania, USA",c68c68efaa5ca6ef,Chidi Njokuani,58bbef3770bb2dfc,Joel Alvarez,win,c68c68efaa5ca6ef,Welterweight,0,Decision - Unanimous,3,5:00,3 Rnd (5-5-5),Keith Peterson,0,155,229,159,233,0,1,0,0,12,51,100,56,76,48,53,149,222,6,7,0,0,0,74,164,76,166,0,0,0,0,26,37,120,19,25,18,19,72,161,2,3,0,0,"6' 3""",80.0,Orthodox,1988-12-31,"6' 3""",77.0,Orthodox,1993-03-02
e7c11d1b22d50ba0,b96619b3acd7d9da,UFC 330: Makhachev vs. Machado Garry,2026-08-15,"Philadelphia, Pennsylvania, USA",814e5233e2acf2ee,Charles Johnson,62f3039da2f92a8c,Eduardo Chapolin,win,814e5233e2acf2ee,Catch Weight,0,Submission,3,1:36,3 Rnd (5-5-5),Jason Herzog,0,66,142,70,146,0,5,1,0,13,40,106,14,22,12,14,63,136,1,2,2,4,1,55,131,59,137,1,4,0,0,72,22,84,13,20,20,27,49,122,2,3,4,6,"5' 9""",70.0,Switch,1991-01-10,"5' 7""",67.0,Orthodox,1995-11-23
9c5da658c76da7c0,b96619b3acd7d9da,UFC 330: Makhachev vs. Machado Garry,2026-08-15,"Philadelphia, Pennsylvania, USA",ad5cb64af10fc946,Donte Johnson,9508cc6184cb2450,Eric McConico,win,ad5cb64af10fc946,Middleweight,0,KO/TKO,1,1:38,3 Rnd (5-5-5),Blake Grice,1,11,31,11,31,0,0,0,0,0,9,29,1,1,1,1,9,28,0,1,2,2,0,6,15,6,15,0,1,0,0,3,4,13,1,1,1,1,5,14,1,1,0,0,"5' 8""",74.0,Southpaw,1999-01-25,"6' 0""",77.0,Southpaw,1990-05-09
e79e4d13546d2360,b96619b3acd7d9da,UFC 330: Makhachev vs. Machado Garry,2026-08-15,"Philadelphia, Pennsylvania, USA",6d4b63c767106d3a,Vicente Luque,147e70aa6cc48cfc,Tresean Gore,win,147e70aa6cc48cfc,Middleweight,0,Decision - Unanimous,3,5:00,3 Rnd (5-5-5),Herb Dean,0,46,122,50,127,0,1,1,0,44,31,104,7,7,8,11,43,118,3,4,0,0,0,65,136,98,179,0,2,1,0,225,53,120,2,3,10,13,39,107,4,5,22,24,"5' 11""",75.0,Orthodox,1991-11-27,"6' 0""",75.0,Switch,1994-06-21
360b13f97e7ca703,b96619b3acd7d9da,UFC 330: Makhachev vs. Machado Garry,2026-08-15,"Philadelphia, Pennsylvania, USA",d6a8edb7410223a0,Rafael Tobias,3df223aeaacecf3f,Lucas Fernando,win,3df223aeaacecf3f,Light Heavyweight,0,KO/TKO,3,1:10,3 Rnd (5-5-5),Keith Peterson,0,13,56,14,58,1,1,0,0,55,5,47,5,5,3,4,11,52,1,2,1,2,2,69,115,69,115,0,0,0,0,9,37,80,18,20,14,15,66,111,1,1,2,3,"6' 2""",74.0,Orthodox,2003-03-20,"6' 3""",80.0,Orthodox,1997-01-10
e7077d030d5fc15f,b96619b3acd7d9da,UFC 330: Makhachev vs. Machado Garry,2026-08-15,"Philadelphia, Pennsylvania, USA",84b3e7d38f2d2ec5,Neil Magny,3d074044a33825e7,Ramiz Brahimaj,win,84b3e7d38f2d2ec5,Welterweight,0,KO/TKO,2,3:20,3 Rnd (5-5-5),Jason Herzog,0,24,38,61,78,0,1,1,1,59,20,34,1,1,3,3,9,18,2,3,13,17,0,7,9,20,24,1,3,0,1,385,2,3,1,1,4,5,5,7,0,0,2,2,"6' 3""",80.0,Orthodox,1987-08-03,"5' 10""",72.0,Orthodox,1992-11-17
d5ebdf462c9b59b3,b96619b3acd7d9da,UFC 330: Makhachev vs. Machado Garry,2026-08-15,"Philadelphia, Pennsylvania, USA",d66a46de8d705353,Jeremiah Wells,bf2c8e01b07d3eb1,Myktybek Orolbai,win,d66a46de8d705353,Welterweight,0,Submission,3,1:24,3 Rnd (5-5-5),Blake Grice,0,16,45,28,57,1,1,1,1,23,14,43,2,2,0,0,16,45,0,0,0,0,0,26,35,67,83,4,6,0,0,380,22,30,4,5,0,0,7,15,0,0,19,20,"5' 9""",74.0,Switch,1986-10-30,"5' 10""",74.0,Orthodox,1998-02-10
