fight_id,round_no,r_id,b_id,r_kd,b_kd,r_sig_landed,r_sig_atmp,b_sig_landed,b_sig_atmp,r_total_str_landed,r_total_str_atmp,b_total_str_landed,b_total_str_atmp,r_td_success,r_td_atmp,b_td_success,b_td_atmp,r_sub_att,b_sub_att,r_rev,b_rev,r_ctrl,b_ctrl,r_sig_str_landed_head,r_sig_str_atmp_head,b_sig_str_landed_head,b_sig_str_atmp_head,r_sig_str_landed_body,r_sig_str_atmp_body,b_sig_str_landed_body,b_sig_str_atmp_body,r_sig_str_landed_leg,r_sig_str_atmp_leg,b_sig_str_landed_leg,b_sig_str_atmp_leg,r_sig_str_landed_distance,r_sig_str_atmp_distance,b_sig_str_landed_distance,b_sig_str_atmp_distance,r_sig_str_landed_clinch,r_sig_str_atmp_clinch,b_sig_str_landed_clinch,b_sig_str_atmp_clinch,r_sig_str_landed_ground,r_sig_str_atmp_ground,b_sig_str_landed_ground,b_sig_str_atmp_ground
568ec6af4008355a,1,17e97649403ba428,a0f0004aadf10b71,0,0,13,27,27,45,46,61,30,48,0,0,2,3,0,0,1,0,0:45,2:25,13,26,20,38,0,1,4,4,0,0,3,3,9,22,18,35,4,5,4,4,0,0,5,6
568ec6af4008355a,2,17e97649403ba428,a0f0004aadf10b71,0,0,37,64,32,76,48,76,33,78,0,0,1,5,0,0,0,0,0:20,1:31,27,52,21,60,7,8,9,11,3,4,2,5,31,55,23,66,6,9,8,9,0,0,1,1
568ec6af4008355a,3,17e97649403ba428,a0f0004aadf10b71,0,0,65,98,36,71,67,101,37,72,0,0,1,6,0,0,0,0,0:14,1:17,54,86,25,59,9,10,7,8,2,2,4,4,58,91,33,67,7,7,3,4,0,0,0,0
568ec6af4008355a,4,17e97649403ba428,a0f0004aadf10b71,0,0,14,28,14,22,41,57,21,32,0,0,1,2,0,0,0,0,0:00,3:58,13,27,11,19,1,1,1,1,0,0,2,2,14,28,13,21,0,0,0,0,0,0,1,1
568ec6af4008355a,5,17e97649403ba428,a0f0004aadf10b71,1,0,52,88,38,70,57,97,38,70,0,0,0,2,1,0,0,0,0:54,0:00,51,87,14,37,0,0,9,13,1,1,15,20,48,82,37,69,0,0,1,1,4,6,0,0
fe612d20eec7ef35,1,eae48ff31db420c2,9c393e836a852f30,1,0,8,19,4,10,9,20,22,28,1,10,0,0,0,0,0,0,3:00,0:06,7,14,3,7,0,1,1,2,1,4,0,1,3,13,2,8,5,6,2,2,0,0,0,0
f7810c98786c3dd8,1,98a58c26c5b1ed17,e93b04e308913c2e,1,0,38,75,20,46,38,75,20,46,0,0,0,0,0,0,0,0,0:05,0:00,29,65,17,42,9,9,3,4,0,1,0,0,26,60,18,43,3,3,2,3,9,12,0,0
023ce4fa7b7b76f9,1,f7e856a73c96048e,0f3a990526c5e706,0,1,1,2,3,6,1,2,3,6,0,0,0,0,0,0,0,0,0:00,0:02,0,1,3,6,0,0,0,0,1,1,0,0,1,2,1,4,0,0,0,0,0,0,2,2
196c64693a2ce308,1,a495f599e787614f,1c23ec2f1b71be40,0,0,10,42,17,42,10,42,25,52,0,1,1,1,0,0,0,0,0:28,1:19,9,41,15,39,0,0,2,3,1,1,0,0,9,41,15,38,1,1,1,3,0,0,1,1
196c64693a2ce308,2,a495f599e787614f,1c23ec2f1b71be40,0,0,34,81,33,50,49,102,35,52,0,2,0,0,0,0,0,0,0:38,1:03,31,77,26,42,2,3,7,8,1,1,0,0,26,67,26,42,8,14,7,8,0,0,0,0
196c64693a2ce308,3,a495f599e787614f,1c23ec2f1b71be40,0,0,18,39,17,29,81,102,29,42,1,2,0,2,0,0,0,0,1:48,1:57,16,37,11,23,2,2,4,4,0,0,2,2,7,24,9,17,11,15,8,12,0,0,0,0
d0361fe28d05a0b5,1,7c7332319c14094c,f1d64ae34e088832,0,0,21,38,28,42,25,42,43,58,2,2,0,1,0,0,0,0,1:16,0:00,12,27,5,16,6,8,15,18,3,3,8,8,8,21,20,30,11,13,8,12,2,4,0,0
d0361fe28d05a0b5,2,7c7332319c14094c,f1d64ae34e088832,2,0,38,66,40,59,42,72,48,67,1,1,0,0,0,0,0,0,0:57,0:00,21,43,18,33,11,14,16,19,6,9,6,7,20,40,29,45,6,8,11,14,12,18,0,0
d0361fe28d05a0b5,3,7c7332319c14094c,f1d64ae34e088832,1,0,13,24,15,26,13,24,17,28,0,0,0,0,0,0,0,0,0:02,0:00,5,15,4,13,5,6,7,8,3,3,4,5,9,20,10,19,4,4,5,7,0,0,0,0
3f2d637ffb324a51,1,c62fbc117d57b943,140567899d98978a,0,0,15,29,19,39,26,40,33,53,1,3,0,0,0,0,0,0,2:08,1:48,8,21,19,39,7,7,0,0,0,1,0,0,4,16,12,28,1,1,1,1,10,12,6,10
3f2d637ffb324a51,2,c62fbc117d57b943,140567899d98978a,0,0,7,17,3,12,13,23,15,26,0,2,1,1,0,0,0,0,2:22,1:39,3,11,2,11,1,1,1,1,3,5,0,0,2,7,3,10,5,10,0,2,0,0,0,0
3f2d637ffb324a51,3,c62fbc117d57b943,140567899d98978a,0,0,9,22,8,18,15,30,35,49,0,1,1,1,0,0,0,0,2:28,1:41,6,17,8,18,1,1,0,0,2,4,0,0,6,14,3,10,3,8,5,8,0,0,0,0
d89cc2cb92cd8407,1,01c9e4013afce141,a44020ea2e8cd026,0,0,28,59,23,58,30,61,23,58,0,0,0,1,0,0,0,0,0:01,0:04,17,46,15,45,2,2,3,4,9,11,5,9,25,56,23,58,3,3,0,0,0,0,0,0
d89cc2cb92cd8407,2,01c9e4013afce141,a44020ea2e8cd026,0,0,23,46,14,35,26,51,16,37,0,1,0,1,0,0,0,0,0:50,0:02,12,34,13,32,2,2,0,1,9,10,1,2,19,41,14,34,4,5,0,1,0,0,0,0
d89cc2cb92cd8407,3,01c9e4013afce141,a44020ea2e8cd026,0,0,19,40,9,36,37,59,12,40,0,0,1,2,0,0,0,0,0:20,2:12,11,31,7,33,1,2,1,1,7,7,1,2,18,39,7,34,1,1,2,2,0,0,0,0
51789f77811b1817,1,e463ce0a2ca474f4,6967153c7edb4d87,1,0,16,34,3,4,16,34,3,4,0,0,0,0,0,0,0,0,0:03,0:00,13,29,1,2,1,3,1,1,2,2,1,1,10,26,3,4,0,0,0,0,6,8,0,0
9be47241c960d082,1,4144798612ef96e5,1e719d4b676dc19a,0,0,21,35,2,10,21,35,2,10,0,0,0,0,0,0,0,0,0:00,0:00,4,10,2,10,3,4,0,0,14,21,0,0,21,35,2,10,0,0,0,0,0,0,0,0
9be47241c960d082,2,4144798612ef96e5,1e719d4b676dc19a,0,0,15,33,15,43,15,33,15,43,0,0,0,0,0,0,0,0,0:00,0:00,7,22,6,28,4,5,0,1,4,6,9,14,15,33,15,43,0,0,0,0,0,0,0,0
9be47241c960d082,3,4144798612ef96e5,1e719d4b676dc19a,1,0,25,42,15,55,27,44,16,56,1,3,0,0,0,0,0,0,0:57,0:00,18,34,8,43,4,5,1,6,3,3,6,6,20,37,13,52,4,4,2,3,1,1,0,0
73304588cef4f88b,1,04835018f90b118c,de594b35c45c2e9a,0,0,1,4,3,7,1,4,13,20,0,0,0,0,1,1,0,0,0:00,3:12,0,3,3,7,0,0,0,0,1,1,0,0,1,4,1,3,0,0,0,0,0,0,2,4
2e35163040eb3189,1,9560ff14eb3129f7,791c8437b341fba5,0,0,7,12,20,27,13,18,24,31,0,0,0,0,0,0,0,0,0:00,0:39,3,8,18,25,4,4,0,0,0,0,2,2,7,12,3,8,0,0,0,0,0,0,17,19
034c04e480d87b8f,1,52ef95b5860fb28c,7d6ceff6747f2de2,0,0,3,5,17,34,3,5,18,35,0,1,0,0,0,0,0,0,0:11,0:21,2,4,4,16,1,1,2,4,0,0,11,14,3,5,16,32,0,0,1,2,0,0,0,0
034c04e480d87b8f,2,52ef95b5860fb28c,7d6ceff6747f2de2,0,0,23,50,14,48,24,51,14,48,1,1,0,0,0,0,0,0,1:02,0:00,18,40,8,42,5,10,3,3,0,0,3,3,17,40,10,41,3,5,4,7,3,5,0,0
034c04e480d87b8f,3,52ef95b5860fb28c,7d6ceff6747f2de2,1,0,13,22,9,26,13,22,9,26,0,0,0,1,1,0,0,0,0:24,0:00,7,16,5,21,4,4,0,0,2,2,4,5,12,21,9,25,0,0,0,0,1,1,0,1
1aa008d8597a73b8,1,792be9a24df82ed6,2fe9032955c2e013,0,0,27,72,29,76,29,74,29,76,0,0,1,2,0,0,0,0,0:13,0:21,16,58,23,66,10,13,3,6,1,1,3,4,26,71,24,71,1,1,5,5,0,0,0,0
1aa008d8597a73b8,2,792be9a24df82ed6,2fe9032955c2e013,0,0,25,70,26,71,25,70,26,71,0,0,0,3,0,0,0,0,0:00,0:00,13,57,22,65,8,9,3,5,4,4,1,1,24,69,25,68,1,1,1,3,0,0,0,0
1aa008d8597a73b8,3,792be9a24df82ed6,2fe9032955c2e013,0,0,15,38,16,36,17,40,22,42,2,2,0,3,0,0,0,0,2:21,0:14,6,29,13,32,4,4,3,3,5,5,0,1,11,31,12,31,2,2,1,2,2,5,3,3
1fca7dfa9e1e15cb,1,6b0a6def604de298,6eedb757f13b9978,0,0,29,87,23,76,29,87,23,76,1,1,0,0,0,0,0,0,0:21,0:00,20,74,9,56,4,8,8,13,5,5,6,7,29,87,23,76,0,0,0,0,0,0,0,0
1fca7dfa9e1e15cb,2,6b0a6def604de298,6eedb757f13b9978,0,1,38,97,46,81,47,106,46,81,2,2,0,1,1,0,0,0,0:45,0:02,22,76,32,63,11,15,12,15,5,6,2,3,34,93,39,74,4,4,7,7,0,0,0,0
1fca7dfa9e1e15cb,3,6b0a6def604de298,6eedb757f13b9978,1,0,22,53,10,21,52,87,11,22,2,2,1,1,2,0,0,0,3:47,0:05,14,42,5,16,6,7,4,4,2,4,1,1,15,40,7,18,5,10,3,3,2,3,0,0
d9712b45c094730e,1,34ff304266360297,e8b731feff72294b,0,1,21,75,33,74,22,76,48,90,0,0,0,0,0,0,0,0,0:02,0:43,15,66,29,68,5,7,0,1,1,2,4,5,20,74,26,65,1,1,4,5,0,0,3,4
d9712b45c094730e,2,34ff304266360297,e8b731feff72294b,0,0,24,79,23,63,24,79,23,63,0,0,0,0,0,0,0,0,0:00,0:00,17,70,17,52,6,7,1,3,1,2,5,8,24,79,23,63,0,0,0,0,0,0,0,0
d9712b45c094730e,3,34ff304266360297,e8b731feff72294b,0,0,27,72,24,59,27,72,25,60,0,0,0,0,0,0,0,0,0:00,0:14,19,60,17,50,8,12,4,4,0,0,3,5,26,70,20,53,1,2,4,6,0,0,0,0
606639bf387f60e2,1,fc08099550072fe4,fa6796c55d6c5440,0,0,7,23,7,27,8,24,7,27,0,0,1,3,0,0,0,0,0:00,1:13,5,20,1,20,0,0,2,2,2,3,4,5,7,23,6,26,0,0,0,0,0,0,1,1
606639bf387f60e2,2,fc08099550072fe4,fa6796c55d6c5440,0,0,9,36,9,24,9,36,16,31,0,0,2,3,0,0,0,0,0:00,1:27,7,34,3,18,0,0,1,1,2,2,5,5,9,36,9,24,0,0,0,0,0,0,0,0
606639bf387f60e2,3,fc08099550072fe4,fa6796c55d6c5440,0,0,12,36,8,23,13,37,9,24,0,0,1,4,0,0,0,0,0:00,0:58,9,33,1,12,0,0,1,2,3,3,6,9,12,36,8,23,0,0,0,0,0,0,0,0
51caa91f68873cf5,1,9a97acbfd5a08bfa,82a5152216251682,0,0,17,34,5,43,17,34,5,43,0,0,0,0,0,0,0,0,0:00,0:02,6,18,4,34,4,7,0,7,7,9,1,2,17,34,4,42,0,0,1,1,0,0,0,0
51caa91f68873cf5,2,9a97acbfd5a08bfa,82a5152216251682,0,0,14,55,9,35,14,55,9,35,0,0,0,1,0,0,0,0,0:00,0:03,6,43,5,26,4,7,1,4,4,5,3,5,14,55,9,35,0,0,0,0,0,0,0,0
51caa91f68873cf5,3,9a97acbfd5a08bfa,82a5152216251682,0,0,21,50,13,46,27,57,13,46,1,1,0,0,0,0,0,0,0:19,0:00,13,39,10,41,2,5,3,4,6,6,0,1,21,49,13,46,0,1,0,0,0,0,0,0
f154037892b9fb94,1,c96d9178c9ed9e62,5ef94841c4bc3f86,0,0,27,63,25,58,48,85,26,59,1,3,0,0,0,0,0,0,1:12,0:00,18,46,19,51,5,12,6,7,4,5,0,0,21,53,24,57,1,1,0,0,5,9,1,1
f154037892b9fb94,2,c96d9178c9ed9e62,5ef94841c4bc3f86,0,0,13,39,12,21,44,95,23,32,2,3,0,0,0,0,0,0,3:20,0:00,12,35,5,14,0,2,3,3,1,2,4,4,10,28,12,20,0,3,0,0,3,8,0,1
f154037892b9fb94,3,c96d9178c9ed9e62,5ef94841c4bc3f86,0,0,24,102,21,45,50,129,21,45,2,5,0,0,0,1,0,0,1:22,0:04,22,95,17,41,1,5,2,2,1,2,2,2,12,80,20,44,4,4,1,1,8,18,0,0
046c22f769fd8300,1,e4a47b07044ddd72,447f9858ae78f921,0,0,23,55,13,31,23,55,13,31,0,0,0,2,0,0,0,0,0:00,0:02,12,37,2,17,5,9,2,2,6,9,9,12,23,55,12,30,0,0,0,0,0,0,1,1
046c22f769fd8300,2,e4a47b07044ddd72,447f9858ae78f921,0,0,28,53,13,30,30,55,13,30,0,0,1,4,0,0,0,0,0:00,0:13,11,32,3,16,7,9,3,7,10,12,7,7,26,51,13,29,2,2,0,0,0,0,0,1
046c22f769fd8300,3,e4a47b07044ddd72,447f9858ae78f921,0,0,27,52,16,36,38,65,18,41,0,0,2,2,0,0,0,0,0:00,1:01,16,35,7,24,5,8,5,8,6,9,4,4,17,37,13,28,0,0,0,0,10,15,3,8
9a0e77ecd1b7f04e,1,7674b836ce0698a0,312f7d7b2b2f7de4,1,0,46,81,16,48,46,81,16,48,0,0,0,0,0,0,0,0,0:00,0:00,16,43,13,44,18,26,0,1,12,12,3,3,45,80,16,48,1,1,0,0,0,0,0,0
0aa849ca85e4355a,1,7cbf7c78d3b34218,de83f920fd302871,0,0,3,5,22,28,30,33,43,51,0,0,1,2,0,0,0,0,0:00,4:00,1,2,3,9,2,2,19,19,0,1,0,0,1,3,1,6,2,2,21,22,0,0,0,0
0aa849ca85e4355a,2,7cbf7c78d3b34218,de83f920fd302871,0,0,11,22,18,35,45,57,29,48,0,0,0,3,0,0,0,0,0:02,3:42,4,13,6,18,5,7,9,13,2,2,3,4,3,7,4,18,8,15,14,17,0,0,0,0
0aa849ca85e4355a,3,7cbf7c78d3b34218,de83f920fd302871,0,0,1,3,16,19,12,18,23,27,0,0,1,3,0,1,1,0,0:19,2:13,1,2,15,18,0,1,0,0,0,0,1,1,1,2,2,3,0,1,0,0,0,0,14,16
d0d48877bf3724d1,1,e132d47bd9efbbe0,a13d755965a4ec9f,0,0,21,50,29,69,21,50,29,69,1,1,0,0,0,0,0,0,0:28,0:00,18,47,19,55,1,1,2,4,2,2,8,10,18,47,28,67,2,2,1,2,1,1,0,0
d0d48877bf3724d1,2,e132d47bd9efbbe0,a13d755965a4ec9f,0,0,23,69,39,79,25,71,40,80,0,2,0,0,0,0,0,0,0:23,0:00,18,62,26,64,2,4,3,5,3,3,10,10,17,59,39,79,6,10,0,0,0,0,0,0
d0d48877bf3724d1,3,e132d47bd9efbbe0,a13d755965a4ec9f,0,0,29,70,41,99,31,72,41,99,0,6,0,0,0,0,0,0,0:24,0:00,28,69,33,91,1,1,4,4,0,0,4,4,25,65,41,99,4,5,0,0,0,0,0,0
5a91827fe8c1dc26,1,41523699f37d400c,d1026588fa65693f,0,0,7,13,3,6,7,13,3,6,1,1,0,0,0,0,0,0,0:04,0:00,4,8,0,2,1,2,1,2,2,3,2,2,4,10,3,6,0,0,0,0,3,3,0,0
64da2e60f1b472fa,1,6fd953151d981979,9f5609dba6584ab2,0,0,21,37,22,52,29,45,25,55,0,1,0,0,0,0,0,0,0:33,0:00,12,27,12,37,7,8,6,8,2,2,4,7,14,30,12,39,7,7,10,13,0,0,0,0
64da2e60f1b472fa,2,6fd953151d981979,9f5609dba6584ab2,0,0,18,40,27,70,20,42,28,71,0,2,0,0,0,0,0,0,0:00,0:04,11,31,17,57,3,5,8,11,4,4,2,2,16,36,23,65,2,4,4,5,0,0,0,0
64da2e60f1b472fa,3,6fd953151d981979,9f5609dba6584ab2,0,0,24,41,28,68,25,42,34,74,0,1,0,0,0,0,0,0,0:08,0:05,16,33,16,52,4,4,6,10,4,4,6,6,16,32,22,60,8,9,6,8,0,0,0,0
bba8c0ab999b9e6f,1,193b9d1858bc4df3,b3cb9dfccff3be76,0,1,14,31,12,17,14,31,12,17,0,0,0,0,0,0,0,0,0:00,0:02,0,9,7,12,2,3,2,2,12,19,3,3,14,31,9,14,0,0,0,0,0,0,3,3
55f698e5c4ed2c47,1,1e4f273069fb9e85,1d2d98ddd05b38fb,0,1,7,13,9,13,7,13,9,13,0,0,0,0,0,0,0,0,0:00,0:02,0,5,7,10,2,2,2,3,5,6,0,0,7,13,6,10,0,0,0,0,0,0,3,3
c23197c7e4f2fd9d,1,a67d071163962af8,49d2a08964c5eb11,0,0,4,5,4,6,18,20,16,18,0,1,1,1,1,0,0,0,0:00,4:20,2,3,4,6,1,1,0,0,1,1,0,0,3,4,0,2,1,1,0,0,0,0,4,4
c23197c7e4f2fd9d,2,a67d071163962af8,49d2a08964c5eb11,0,0,5,13,2,14,17,25,2,14,0,1,0,1,0,0,0,0,0:49,0:01,2,8,0,12,1,2,1,1,2,3,1,1,5,13,2,13,0,0,0,1,0,0,0,0
c23197c7e4f2fd9d,3,a67d071163962af8,49d2a08964c5eb11,0,0,3,10,2,9,14,21,3,10,0,0,1,1,0,0,0,0,0:17,1:07,3,8,1,8,0,2,1,1,0,0,0,0,3,10,1,8,0,0,1,1,0,0,0,0
8300a095a4908ab1,1,70dd69b6a703257e,64facb6cc564262d,1,0,37,53,5,22,50,67,5,22,0,0,0,3,0,0,0,0,0:39,0:05,18,33,5,16,12,13,0,6,7,7,0,0,25,40,4,20,4,5,1,2,8,8,0,0
8300a095a4908ab1,2,70dd69b6a703257e,64facb6cc564262d,0,0,33,52,6,47,33,52,6,47,0,1,1,2,0,0,0,0,0:00,0:11,15,32,5,39,9,11,1,8,9,9,0,0,32,51,4,44,1,1,2,3,0,0,0,0
8300a095a4908ab1,3,70dd69b6a703257e,64facb6cc564262d,0,0,13,32,4,15,37,61,32,46,0,0,3,6,0,1,0,0,0:02,3:16,13,29,2,13,0,3,2,2,0,0,0,0,7,25,3,14,6,7,1,1,0,0,0,0
cbf9063d23513661,1,9d51798e61f2e0c7,0bc697c5936a2d0a,0,0,34,47,6,18,42,57,7,19,7,12,0,0,0,0,0,0,3:31,0:00,28,37,3,13,5,8,1,1,1,2,2,4,9,16,5,17,1,3,1,1,24,28,0,0
cbf9063d23513661,2,9d51798e61f2e0c7,0bc697c5936a2d0a,0,0,4,4,2,5,26,34,5,8,3,6,0,0,0,0,0,0,4:40,0:00,3,3,0,3,1,1,2,2,0,0,0,0,2,2,1,3,0,0,1,2,2,2,0,0
cbf9063d23513661,3,9d51798e61f2e0c7,0bc697c5936a2d0a,0,0,6,10,4,12,11,17,5,13,3,6,0,0,1,0,0,0,2:09,0:00,5,8,2,9,1,2,1,1,0,0,1,2,6,10,4,12,0,0,0,0,0,0,0,0
b90b099c1f47bb93,1,5b43d68174b6e2ab,8d11d9c13e2ccdf7,2,0,18,30,4,24,19,31,4,24,0,0,0,0,0,0,0,0,0:20,0:00,16,27,2,21,2,3,2,3,0,0,0,0,10,21,4,24,0,0,0,0,8,9,0,0
ad17c34e0cc7d702,1,5b03b61f9d90125e,9256f591b30c073e,0,0,17,67,27,66,18,68,28,67,0,1,1,1,1,0,0,0,0:12,0:06,11,58,20,52,6,8,4,7,0,1,3,7,17,67,27,66,0,0,0,0,0,0,0,0
ad17c34e0cc7d702,2,5b03b61f9d90125e,9256f591b30c073e,0,0,11,54,48,79,12,55,49,80,0,2,1,1,0,0,0,0,0:00,0:07,9,48,36,62,2,6,10,14,0,0,2,3,11,52,45,75,0,2,3,4,0,0,0,0
ad17c34e0cc7d702,3,5b03b61f9d90125e,9256f591b30c073e,0,0,8,25,37,73,8,25,38,74,0,0,0,0,0,0,0,0,0:19,0:00,4,16,26,60,3,8,4,4,1,1,7,9,8,25,35,71,0,0,2,2,0,0,0,0
b1c6ea7d7d413bd5,1,39d309957c5c210d,a67f5afa8d6a1b80,0,0,36,54,13,33,78,96,16,36,5,6,0,1,0,1,0,0,2:50,0:20,35,53,10,30,1,1,3,3,0,0,0,0,9,22,6,23,4,7,7,10,23,25,0,0
b1c6ea7d7d413bd5,2,39d309957c5c210d,a67f5afa8d6a1b80,0,0,12,13,0,1,36,41,0,1,1,1,0,0,0,0,0,0,0:43,0:00,12,13,0,1,0,0,0,0,0,0,0,0,1,2,0,1,2,2,0,0,9,9,0,0
94d411112ebe8fad,1,46e2011d92463b7e,476fe566d2df676e,0,0,34,53,2,17,43,64,5,20,1,3,0,0,1,0,0,0,3:08,0:00,25,42,2,17,2,4,0,0,7,7,0,0,10,22,1,16,0,0,1,1,24,31,0,0
94d411112ebe8fad,2,46e2011d92463b7e,476fe566d2df676e,0,1,5,6,20,29,5,7,24,36,2,5,0,0,0,0,0,0,2:00,1:35,2,3,20,29,3,3,0,0,0,0,0,0,1,1,0,3,3,4,5,7,1,1,15,19
ac3af13ffe39b1d8,1,329e403448756217,93f9c19ae41d2a97,0,0,8,32,14,34,15,39,16,36,0,0,1,4,0,0,0,0,0:00,0:55,3,20,11,28,3,6,2,5,2,6,1,1,8,31,10,29,0,1,3,4,0,0,1,1
ac3af13ffe39b1d8,2,329e403448756217,93f9c19ae41d2a97,1,0,15,43,17,37,16,45,21,41,0,0,2,10,0,1,0,0,0:09,1:31,10,35,15,33,3,4,1,3,2,4,1,1,14,38,13,30,1,4,3,5,0,1,1,2
ac3af13ffe39b1d8,3,329e403448756217,93f9c19ae41d2a97,0,0,5,11,19,34,26,34,32,54,0,0,1,5,0,0,0,0,0:00,3:40,4,8,18,31,1,3,1,3,0,0,0,0,4,10,10,23,1,1,3,4,0,0,6,7
1f973e21581b082a,1,22e3458965d5d08a,9911989cf48b195d,0,0,3,15,6,15,21,35,11,21,0,2,1,3,0,0,0,0,1:55,0:51,1,11,0,6,0,1,5,5,2,3,1,4,2,12,2,11,1,3,4,4,0,0,0,0
1f973e21581b082a,2,22e3458965d5d08a,9911989cf48b195d,0,0,2,11,19,27,10,19,36,48,0,1,1,3,0,2,0,0,0:40,2:39,1,8,12,20,0,0,6,6,1,3,1,1,1,10,8,13,1,1,2,2,0,0,9,12
1f973e21581b082a,3,22e3458965d5d08a,9911989cf48b195d,0,0,5,6,3,7,39,45,14,19,0,0,1,2,1,1,1,0,1:49,2:49,3,4,3,6,1,1,0,1,1,1,0,0,2,2,0,2,0,0,0,0,3,4,3,5
809ebb0cfdd01ce2,1,f2b3f4ef3f780168,9f5e3c20ce40b344,0,0,14,25,8,23,22,35,47,66,1,3,0,1,0,0,0,0,2:50,1:06,4,12,5,19,9,12,3,4,1,1,0,0,4,11,5,20,10,13,3,3,0,1,0,0
809ebb0cfdd01ce2,2,f2b3f4ef3f780168,9f5e3c20ce40b344,0,0,12,23,5,15,22,34,15,27,1,1,0,0,0,0,0,0,2:52,1:28,7,14,2,11,4,5,3,4,1,4,0,0,3,9,2,9,7,11,3,5,2,3,0,1
809ebb0cfdd01ce2,3,f2b3f4ef3f780168,9f5e3c20ce40b344,0,0,8,15,10,26,16,24,41,58,2,3,0,0,1,0,0,1,3:17,0:41,5,12,9,25,3,3,1,1,0,0,0,0,6,10,6,21,2,5,3,3,0,0,1,2
e5fd7ef7ccf955b8,1,ec322adbabbfa6e7,33a86e839ad202d8,1,0,18,43,22,50,20,47,23,51,0,0,0,0,0,0,0,0,0:05,0:33,13,38,15,38,4,4,4,6,1,1,3,6,16,41,19,45,1,1,3,5,1,1,0,0
9226a13d001b49ec,1,3138df4d117ebc12,8b1b051038354655,0,0,74,140,47,131,74,140,47,131,0,0,0,0,0,0,0,0,0:00,0:00,52,114,34,114,16,20,9,11,6,6,4,6,69,133,46,130,5,7,1,1,0,0,0,0
9226a13d001b49ec,2,3138df4d117ebc12,8b1b051038354655,1,0,72,109,25,66,80,122,25,68,0,0,0,0,1,0,0,0,1:41,0:00,52,86,18,56,13,16,2,5,7,7,5,5,37,66,22,60,5,5,3,6,30,38,0,0
228fefc6923c40a5,1,2b6fc1c02736833d,efb96bf3e9ada36f,0,0,7,10,5,10,17,21,18,23,1,1,0,0,0,1,0,0,1:58,0:00,3,5,1,5,0,0,2,2,4,5,2,3,7,10,5,10,0,0,0,0,0,0,0,0
228fefc6923c40a5,2,2b6fc1c02736833d,efb96bf3e9ada36f,0,1,6,11,6,13,6,11,6,13,0,2,0,0,0,0,0,0,0:00,0:02,4,9,4,10,0,0,1,1,2,2,1,2,6,11,4,10,0,0,0,0,0,0,2,3
73cb6c4e060c4ee9,1,c41d426cc7326d1b,cffb87059e645bd1,0,1,19,59,18,48,19,59,20,50,0,0,0,0,0,0,0,0,0:00,0:00,11,41,12,35,3,6,3,5,5,12,3,8,18,56,16,45,1,3,0,0,0,0,2,3
4af8cb715ac0d459,1,7d420039bbfe7c1a,d33da8a3d82bdb62,0,0,13,25,15,34,17,29,17,36,0,0,0,1,0,0,0,0,0:00,0:33,5,12,9,24,4,8,3,4,4,5,3,6,13,25,14,33,0,0,1,1,0,0,0,0
4af8cb715ac0d459,2,7d420039bbfe7c1a,d33da8a3d82bdb62,0,1,1,3,12,16,1,3,12,16,0,0,0,0,0,0,0,0,0:00,0:06,0,1,10,14,1,1,2,2,0,1,0,0,1,3,7,10,0,0,0,0,0,0,5,6
48a5d9c4592d2f2a,1,ab2b4ff41d6ebe0f,3cf18e01cb6cbde3,0,0,3,21,12,28,13,32,25,41,1,1,0,0,0,0,0,0,1:31,0:00,2,15,2,14,0,3,2,4,1,3,8,10,3,20,12,28,0,0,0,0,0,1,0,0
48a5d9c4592d2f2a,2,ab2b4ff41d6ebe0f,3cf18e01cb6cbde3,0,0,3,11,11,20,31,41,16,27,3,3,0,0,0,0,0,0,3:06,0:00,2,8,3,11,0,1,1,2,1,2,7,7,3,10,11,20,0,0,0,0,0,1,0,0
48a5d9c4592d2f2a,3,ab2b4ff41d6ebe0f,3cf18e01cb6cbde3,0,0,4,11,18,32,8,15,44,58,0,4,0,2,0,0,0,0,2:43,0:14,2,8,13,25,2,3,2,3,0,0,3,4,4,11,16,30,0,0,2,2,0,0,0,0
f894989058f2bb05,1,a9936818d709e2d7,9ac4e43ed56429ed,2,0,59,82,28,57,60,83,28,57,0,0,0,2,0,0,0,0,0:04,0:44,42,62,23,51,9,12,2,2,8,8,3,4,54,75,27,56,5,7,1,1,0,0,0,0
1fe768d599c159dc,1,5182316da3c1d891,bf60dd3256801649,0,0,38,88,17,38,41,96,21,42,1,1,0,0,0,0,0,0,1:03,0:03,18,52,8,25,16,28,9,13,4,8,0,0,24,72,13,33,8,9,4,5,6,7,0,0
1fe768d599c159dc,2,5182316da3c1d891,bf60dd3256801649,1,0,15,41,16,28,15,41,16,28,0,0,0,0,0,0,0,0,0:00,0:00,10,29,9,21,4,9,4,4,1,3,3,3,14,39,15,26,0,1,1,2,1,1,0,0
80f7f5405d5ffca0,1,e1f8beeb6d2d871a,b1f21ce050035d58,0,0,12,44,14,20,12,44,14,20,0,0,0,0,0,0,0,0,0:00,0:00,5,31,7,12,3,4,2,2,4,9,5,6,12,44,14,20,0,0,0,0,0,0,0,0
80f7f5405d5ffca0,2,e1f8beeb6d2d871a,b1f21ce050035d58,0,0,31,77,25,42,31,77,25,42,0,0,0,0,0,0,0,0,0:00,0:00,17,60,14,30,5,7,5,6,9,10,6,6,29,75,25,42,2,2,0,0,0,0,0,0
80f7f5405d5ffca0,3,e1f8beeb6d2d871a,b1f21ce050035d58,0,0,8,20,8,15,8,20,8,15,0,1,0,0,0,1,0,1,0:08,0:13,2,10,2,7,1,1,2,2,5,9,4,6,8,20,8,15,0,0,0,0,0,0,0,0
ec5281a72f09d8ac,1,2f43a3e82661fa99,34b96d52db1d26e6,0,0,39,67,0,0,71,101,1,3,2,4,0,0,1,0,0,0,3:58,0:00,39,67,0,0,0,0,0,0,0,0,0,0,0,0,0,0,0,0,0,0,39,67,0,0
8a980234dab7ae43,1,a9da3158dd2c2b5a,4682bc59d5f55145,0,0,13,36,25,60,13,36,25,60,0,0,0,0,0,0,0,0,0:00,0:00,5,23,12,40,0,0,4,8,8,13,9,12,13,36,25,60,0,0,0,0,0,0,0,0
8a980234dab7ae43,2,a9da3158dd2c2b5a,4682bc59d5f55145,0,0,7,10,2,6,35,43,45,52,0,1,0,2,1,0,1,0,3:17,1:11,5,8,0,2,2,2,0,2,0,0,2,2,3,5,2,5,2,3,0,1,2,2,0,0
8a980234dab7ae43,3,a9da3158dd2c2b5a,4682bc59d5f55145,0,0,23,49,31,63,24,51,60,92,0,4,0,0,0,0,0,0,1:30,0:00,8,31,21,46,7,7,6,11,8,11,4,6,16,39,25,56,7,10,6,7,0,0,0,0
636867bbc9f96739,1,86bace9e4ad85542,874cfc98877daecd,0,1,4,7,11,20,4,7,12,21,0,0,0,0,0,0,0,0,0:00,0:02,0,1,9,17,2,2,2,3,2,4,0,0,4,7,6,13,0,0,3,3,0,0,2,4
ab5922e10699e869,1,a1ad35b98a9136e5,8e4902b4a8045070,0,0,25,47,20,86,25,47,22,88,0,1,0,0,0,0,0,0,0:01,0:01,13,31,14,77,3,7,6,9,9,9,0,0,24,45,20,85,1,2,0,0,0,0,0,1
ab5922e10699e869,2,a1ad35b98a9136e5,8e4902b4a8045070,0,1,7,12,10,25,7,12,10,25,0,0,0,0,0,0,0,0,0:00,0:06,7,11,10,22,0,0,0,3,0,1,0,0,7,12,6,20,0,0,0,0,0,0,4,5
6206c62fc8f0b71b,1,2cdb479a0ef0ee1d,abb68e3c7ca128f2,0,1,16,42,16,25,16,44,16,25,0,0,0,0,0,0,0,0,0:00,0:00,7,28,9,17,5,10,6,6,4,4,1,2,12,37,13,21,4,5,3,4,0,0,0,0
6cd4457edf4089f9,1,e0664abaa023fd6f,34d4cae19105eb68,0,0,13,30,18,26,23,41,19,28,0,0,1,1,0,0,0,0,0:00,1:54,3,14,13,20,3,7,0,0,7,9,5,6,13,30,6,10,0,0,0,0,0,0,12,16
6cd4457edf4089f9,2,e0664abaa023fd6f,34d4cae19105eb68,0,0,12,27,20,39,26,42,23,43,0,0,2,2,0,0,0,0,0:00,2:42,4,16,16,32,2,4,1,2,6,7,3,5,12,27,7,17,0,0,0,0,0,0,13,22
6cd4457edf4089f9,3,e0664abaa023fd6f,34d4cae19105eb68,0,0,14,22,3,5,23,33,5,9,0,1,1,8,0,0,0,0,1:10,1:58,5,11,3,5,8,10,0,0,1,1,0,0,9,17,2,3,5,5,1,2,0,0,0,0
fb77b08a90b92d5b,1,093e1f5bb73850be,d1c65d2cf2925ddd,0,0,10,19,25,33,10,19,52,62,0,7,0,0,0,0,0,0,2:48,0:04,10,19,15,21,0,0,10,12,0,0,0,0,5,12,14,21,5,7,9,10,0,0,2,2
fb77b08a90b92d5b,2,093e1f5bb73850be,d1c65d2cf2925ddd,0,2,19,39,52,83,19,39,66,98,1,2,0,0,0,0,0,0,1:02,1:12,19,39,26,53,0,0,14,16,0,0,12,14,18,37,41,65,1,2,5,8,0,0,6,10
fb77b08a90b92d5b,3,093e1f5bb73850be,d1c65d2cf2925ddd,0,0,12,20,12,23,17,26,20,31,1,9,0,0,0,0,0,0,3:49,0:00,12,20,10,19,0,0,1,3,0,0,1,1,4,12,5,12,5,5,7,11,3,3,0,0
fb77b08a90b92d5b,4,093e1f5bb73850be,d1c65d2cf2925ddd,0,0,25,50,58,95,26,51,62,99,1,6,0,0,0,0,0,0,1:20,0:00,24,49,42,76,1,1,8,11,0,0,8,8,21,44,54,89,4,6,4,6,0,0,0,0
fb77b08a90b92d5b,5,093e1f5bb73850be,d1c65d2cf2925ddd,0,1,24,31,27,49,39,49,43,69,0,5,0,0,0,0,0,0,1:41,1:24,24,31,18,40,0,0,6,6,0,0,3,3,16,20,21,41,5,8,6,8,3,3,0,0
a57ccf31c5f6f82b,1,e2f6b2769aaedd6c,71171fc96445bf65,0,0,7,29,23,41,7,29,23,41,0,0,0,0,0,0,0,0,0:00,0:00,7,29,3,16,0,0,8,12,0,0,12,13,7,29,23,41,0,0,0,0,0,0,0,0
a57ccf31c5f6f82b,2,e2f6b2769aaedd6c,71171fc96445bf65,0,0,3,5,19,24,12,14,70,90,0,1,1,2,0,0,1,0,0:22,4:09,3,5,15,19,0,0,3,4,0,0,1,1,1,3,1,2,0,0,2,3,2,2,16,19
a57ccf31c5f6f82b,3,e2f6b2769aaedd6c,71171fc96445bf65,0,0,13,33,22,34,14,34,33,46,0,1,3,4,0,0,0,0,0:00,1:58,12,31,12,23,1,2,2,3,0,0,8,8,13,33,19,31,0,0,2,2,0,0,1,1
0eba299c9b6760fa,1,d549cefc7c54ab78,327d5f279895110d,0,0,71,83,1,4,106,119,4,8,0,0,0,0,0,0,0,0,3:41,0:00,70,82,0,3,1,1,0,0,0,0,1,1,3,5,1,4,0,0,0,0,68,78,0,0
bf70d01518c80fba,1,e2be0c1a9b886d92,f6ad6a1e4d600e0d,0,0,41,58,48,97,50,67,55,104,0,3,1,1,0,0,1,0,0:50,0:30,26,41,32,79,3,4,13,15,12,13,3,3,38,51,36,83,3,5,8,9,0,2,4,5
bf70d01518c80fba,2,e2be0c1a9b886d92,f6ad6a1e4d600e0d,1,0,32,48,29,54,32,48,29,54,0,1,0,0,0,0,0,0,0:04,0:00,26,42,21,44,2,2,6,8,4,4,2,2,27,41,22,46,5,7,7,8,0,0,0,0
a4b3becc0cc394d7,1,f1ab6f37492c630a,8061a3136026a673,1,0,16,35,10,28,16,35,10,28,0,0,0,0,0,0,0,0,0:02,0:00,9,25,4,21,7,10,5,6,0,0,1,1,12,31,9,27,2,2,1,1,2,2,0,0
a6873fd459587d17,1,b34976c022b24568,23a81656507b56a3,0,0,5,9,1,4,46,50,2,5,1,3,0,0,1,1,0,0,2:42,0:02,2,6,1,3,1,1,0,0,2,2,0,1,4,8,1,4,0,0,0,0,1,1,0,0
2bbacf9ed3c64184,1,e00a3dee329a51f7,640a0f838f057a81,1,0,17,29,14,27,17,29,14,27,0,0,0,0,0,0,0,0,0:02,0:00,10,20,6,17,2,3,1,2,5,6,7,8,14,25,14,25,1,1,0,2,2,3,0,0
5d2c1c4dd444772f,1,8667caa0451d245b,6747ccd6d1acd266,0,1,3,7,2,5,3,7,2,5,0,0,0,0,0,0,0,0,0:00,0:00,3,7,2,4,0,0,0,1,0,0,0,0,3,7,2,5,0,0,0,0,0,0,0,0
bbd05484f8c8d739,1,06626b6287e1ae1e,b7b84ccd221be298,0,0,27,43,13,36,27,43,13,36,0,0,0,0,0,0,0,0,0:00,0:00,7,21,5,25,6,8,7,7,14,14,1,4,27,43,13,36,0,0,0,0,0,0,0,0
bbd05484f8c8d739,2,06626b6287e1ae1e,b7b84ccd221be298,0,0,46,83,29,64,46,83,29,64,0,2,0,0,0,0,0,0,0:02,0:00,16,48,20,55,11,15,9,9,19,20,0,0,43,78,25,60,3,5,4,4,0,0,0,0
bbd05484f8c8d739,3,06626b6287e1ae1e,b7b84ccd221be298,1,0,52,101,29,68,52,101,31,70,1,1,0,2,1,0,0,0,0:43,0:00,40,85,18,53,4,8,8,12,8,8,3,3,37,81,20,57,5,7,9,11,10,13,0,0
7e86f774f19e5e59,1,c85bad793cd14e28,d958ed9e5a08c849,1,0,11,25,5,21,11,25,5,21,0,0,0,5,0,0,0,0,0:12,0:00,8,22,4,17,3,3,0,3,0,0,1,1,10,23,5,21,1,2,0,0,0,0,0,0
116dc88b63113f61,1,b2a78df161bd67f9,5be51426ff3c1929,0,0,48,91,23,81,62,106,23,81,1,2,0,2,0,0,0,0,1:13,0:01,32,71,19,74,7,9,2,5,9,11,2,2,38,74,18,74,3,5,5,7,7,12,0,0
116dc88b63113f61,2,b2a78df161bd67f9,5be51426ff3c1929,0,0,48,92,50,116,50,94,55,121,0,1,1,3,0,0,0,0,0:27,0:40,28,65,42,106,15,18,5,7,5,9,3,3,45,88,38,96,3,4,11,19,0,0,1,1
116dc88b63113f61,3,b2a78df161bd67f9,5be51426ff3c1929,0,0,41,70,50,101,41,70,55,107,2,6,1,2,0,0,0,0,0:59,0:48,33,56,45,92,7,13,4,7,1,1,1,2,39,65,33,79,2,5,17,22,0,0,0,0
11e4a448ce1ae5e3,1,b4443fae47e7eb9d,3eeec2f53cebdf12,0,1,24,43,38,78,28,48,40,80,1,1,0,0,1,0,0,0,1:05,0:14,11,27,32,69,12,15,6,9,1,1,0,0,20,37,34,72,4,6,1,3,0,0,3,3
97fb716bc7b8751a,1,cfbb3edab781dfd2,ac7c765882f2c68c,0,0,37,63,19,40,38,64,28,50,0,0,0,0,0,0,0,0,0:38,0:06,19,40,3,19,8,9,10,11,10,14,6,10,32,57,17,37,5,6,2,3,0,0,0,0
97fb716bc7b8751a,2,cfbb3edab781dfd2,ac7c765882f2c68c,0,0,66,98,20,43,67,99,21,44,1,1,0,0,0,0,0,0,0:46,0:09,39,71,7,22,19,19,6,10,8,8,7,11,50,81,17,39,16,17,3,4,0,0,0,0
97fb716bc7b8751a,3,cfbb3edab781dfd2,ac7c765882f2c68c,0,0,33,56,10,21,34,57,10,21,0,0,0,0,0,0,0,0,0:00,0:03,26,47,3,8,2,4,5,10,5,5,2,3,32,53,10,21,1,3,0,0,0,0,0,0
365fd759c03e93cf,1,275aca31f61ba28c,442c9011034ae1fd,0,0,3,5,0,2,23,25,10,17,1,5,0,0,0,0,0,0,3:38,0:00,1,3,0,2,0,0,0,0,2,2,0,0,2,3,0,2,0,1,0,0,1,1,0,0
365fd759c03e93cf,2,275aca31f61ba28c,442c9011034ae1fd,1,0,11,20,6,18,24,35,7,20,1,1,0,0,0,0,0,0,2:19,0:17,6,15,1,11,2,2,4,4,3,3,1,3,6,15,3,14,5,5,3,4,0,0,0,0
365fd759c03e93cf,3,275aca31f61ba28c,442c9011034ae1fd,0,0,5,10,9,25,5,10,12,28,1,2,0,0,0,0,0,0,0:16,0:05,1,6,3,18,1,1,3,4,3,3,3,3,5,10,9,25,0,0,0,0,0,0,0,0
365fd759c03e93cf,4,275aca31f61ba28c,442c9011034ae1fd,0,0,3,6,7,11,7,10,41,49,2,5,0,0,0,0,0,0,3:05,0:12,1,4,1,5,0,0,5,5,2,2,1,1,2,5,3,7,1,1,4,4,0,0,0,0
365fd759c03e93cf,5,275aca31f61ba28c,442c9011034ae1fd,0,0,0,3,7,9,19,34,19,27,2,2,0,0,0,0,0,0,3:12,0:00,0,3,2,4,0,0,4,4,0,0,1,1,0,3,7,9,0,0,0,0,0,0,0,0
4700d42c9869674a,1,7447e9f28508106a,38c7f72747f4f712,0,0,19,60,3,27,31,75,4,29,1,1,0,2,1,0,0,0,2:28,0:06,11,51,1,21,3,4,2,4,5,5,0,2,16,55,2,24,0,0,1,3,3,5,0,0
4700d42c9869674a,2,7447e9f28508106a,38c7f72747f4f712,0,0,3,9,0,6,11,22,26,35,1,1,0,0,0,0,0,1,3:19,0:55,2,8,0,5,1,1,0,1,0,0,0,0,2,7,0,6,0,0,0,0,1,2,0,0
4700d42c9869674a,3,7447e9f28508106a,38c7f72747f4f712,0,0,30,70,26,63,36,76,29,67,1,2,0,0,0,0,0,0,1:39,0:00,18,58,18,50,7,7,5,10,5,5,3,3,27,66,19,56,1,1,7,7,2,3,0,0
4700d42c9869674a,4,7447e9f28508106a,38c7f72747f4f712,0,0,5,15,6,11,20,32,30,37,1,2,0,0,0,0,0,1,3:22,1:18,4,13,6,11,0,1,0,0,1,1,0,0,3,12,0,4,0,0,0,0,2,3,6,7
4700d42c9869674a,5,7447e9f28508106a,38c7f72747f4f712,0,0,8,14,14,24,24,34,47,69,0,0,1,1,0,0,0,0,0:00,4:28,5,10,12,20,3,4,2,4,0,0,0,0,7,13,3,10,1,1,0,0,0,0,11,14
d4bd456d70965734,1,4d8fa64202cee4c1,ec13c393d029297d,1,0,9,14,2,4,9,14,2,4,0,0,0,0,0,0,0,0,0:05,0:00,8,11,1,2,1,2,0,1,0,1,1,1,1,4,2,4,0,0,0,0,8,10,0,0
53902dcb3e213b18,1,841695e02c99a521,71505842fb6455c3,0,0,12,28,29,46,12,29,35,53,0,0,2,3,0,0,0,0,0:00,1:24,5,19,14,28,2,3,9,12,5,6,6,6,12,27,11,22,0,1,8,12,0,0,10,12
53902dcb3e213b18,2,841695e02c99a521,71505842fb6455c3,0,0,22,39,14,24,22,39,26,39,1,1,0,4,0,1,0,0,0:37,1:38,14,29,11,20,7,8,3,3,1,2,0,1,10,18,4,10,9,13,6,10,3,8,4,4
8e482cead0c7eb15,1,64a50dad704d1d49,323d4ca260dfa0ba,0,0,24,49,41,89,24,49,47,95,0,0,0,0,0,0,0,0,0:00,0:13,8,29,26,72,10,14,4,5,6,6,11,12,23,48,37,82,1,1,4,6,0,0,0,1
8e482cead0c7eb15,2,64a50dad704d1d49,323d4ca260dfa0ba,0,0,6,15,22,37,6,15,23,38,0,0,0,0,0,0,0,0,0:00,0:06,5,13,15,29,1,2,6,6,0,0,1,2,6,15,12,25,0,0,10,12,0,0,0,0
6e495deac1f57169,1,c68c68efaa5ca6ef,58bbef3770bb2dfc,0,0,46,69,22,50,46,69,22,50,0,0,0,0,0,0,0,0,0:00,0:00,7,19,9,35,17,24,4,6,22,26,9,9,46,69,22,50,0,0,0,0,0,0,0,0
6e495deac1f57169,2,c68c68efaa5ca6ef,58bbef3770bb2dfc,0,0,48,70,25,52,48,70,25,52,0,1,0,0,0,0,0,0,0:00,0:00,19,31,18,41,14,23,2,5,15,16,5,6,48,70,25,52,0,0,0,0,0,0,0,0
6e495deac1f57169,3,c68c68efaa5ca6ef,58bbef3770bb2dfc,0,0,61,90,27,62,65,94,29,64,0,0,0,0,0,0,0,0,0:12,0:26,25,50,10,44,25,29,13,14,11,11,4,4,55,83,25,59,6,7,2,3,0,0,0,0
e7c11d1b22d50ba0,1,814e5233e2acf2ee,62f3039da2f92a8c,0,0,16,39,22,51,17,40,22,51,0,3,1,1,0,0,0,0,0:00,0:36,6,22,8,28,3,9,6,10,7,8,8,13,16,39,18,46,0,0,2,3,0,0,2,2
e7c11d1b22d50ba0,2,814e5233e2acf2ee,62f3039da2f92a8c,0,1,30,66,25,59,31,67,29,65,0,2,0,2,0,0,0,0,0:00,0:31,20,53,11,40,7,9,5,8,3,4,9,11,29,64,23,55,1,2,0,0,0,0,2,4
e7c11d1b22d50ba0,3,814e5233e2acf2ee,62f3039da2f92a8c,0,0,20,37,8,21,22,39,8,21,0,0,0,1,1,0,0,0,0:13,0:05,14,31,3,16,4,4,2,2,2,2,3,3,18,33,8,21,0,0,0,0,2,4,0,0
9c5da658c76da7c0,1,ad5cb64af10fc946,9508cc6184cb2450,1,0,11,31,6,15,11,31,6,15,0,0,0,1,0,0,0,0,0:00,0:03,9,29,4,13,1,1,1,1,1,1,1,1,9,28,5,14,0,1,1,1,2,2,0,0
e79e4d13546d2360,1,6d4b63c767106d3a,147e70aa6cc48cfc,0,0,26,56,22,60,26,56,24,62,0,0,0,0,0,0,0,0,0:00,0:00,15,42,15,49,4,4,1,2,7,10,6,9,24,54,21,59,2,2,1,1,0,0,0,0
e79e4d13546d2360,2,6d4b63c767106d3a,147e70aa6cc48cfc,0,0,6,15,24,34,10,20,51,69,0,1,0,1,1,1,0,0,0:44,3:14,5,14,24,34,0,0,0,0,1,1,0,0,6,15,2,10,0,0,0,0,0,0,22,24
e79e4d13546d2360,3,6d4b63c767106d3a,147e70aa6cc48cfc,0,0,14,51,19,42,14,51,23,48,0,0,0,1,0,0,0,0,0:00,0:31,11,48,14,37,3,3,1,1,0,0,4,4,13,49,16,38,1,2,3,4,0,0,0,0
360b13f97e7ca703,1,d6a8edb7410223a0,3df223aeaacecf3f,0,0,7,25,27,47,8,27,27,47,1,1,0,0,0,0,0,0,0:50,0:00,4,21,12,30,3,3,11,12,0,1,4,5,5,22,26,46,1,1,1,1,1,2,0,0
360b13f97e7ca703,2,d6a8edb7410223a0,3df223aeaacecf3f,0,1,6,23,28,45,6,23,28,45,0,0,0,0,0,0,0,0,0:05,0:07,1,18,16,32,2,2,5,6,3,3,7,7,6,22,28,45,0,1,0,0,0,0,0,0
360b13f97e7ca703,3,d6a8edb7410223a0,3df223aeaacecf3f,0,1,0,8,14,23,0,8,14,23,0,0,0,0,0,0,0,0,0:00,0:02,0,8,9,18,0,0,2,2,0,0,3,3,0,8,12,20,0,0,0,0,0,0,2,3
e7077d030d5fc15f,1,84b3e7d38f2d2ec5,3d074044a33825e7,0,0,7,11,4,6,18,22,14,17,0,0,1,1,0,0,0,0,0:00,4:18,3,7,1,2,1,1,0,0,3,3,3,4,7,11,3,5,0,0,0,0,0,0,1,1
e7077d030d5fc15f,2,84b3e7d38f2d2ec5,3d074044a33825e7,0,0,17,27,3,3,43,56,6,7,0,1,0,2,1,0,1,1,0:59,2:07,17,27,1,1,0,0,1,1,0,0,1,1,2,7,2,2,2,3,0,0,13,17,1,1
d5ebdf462c9b59b3,1,d66a46de8d705353,bf2c8e01b07d3eb1,0,0,11,22,20,24,20,31,47,57,0,0,1,1,0,0,0,0,0:14,3:14,9,20,18,21,2,2,2,3,0,0,0,0,11,22,4,7,0,0,0,0,0,0,16,17
d5ebdf462c9b59b3,2,d66a46de8d705353,bf2c8e01b07d3eb1,0,0,3,10,4,7,6,13,18,22,0,0,3,4,0,0,1,0,0:09,3:04,3,10,4,7,0,0,0,0,0,0,0,0,3,10,1,4,0,0,0,0,0,0,3,3
d5ebdf462c9b59b3,3,d66a46de8d705353,bf2c8e01b07d3eb1,0,0,2,13,2,4,2,13,2,4,1,1,0,1,1,0,0,0,0:00,0:02,2,13,0,2,0,0,2,2,0,0,0,0,2,13,2,4,0,0,0,0,0,0,0,0
