event_id,date,fighter_1,fighter_2,odds_1,odds_2,n_books,url
15ec018d144710db,2026-03-07,Charles Oliveira,Max Holloway,164,-210,6,/events/ufc-4025
15ec018d144710db,2026-03-07,Caio Borralho,Reinier de Ridder,-230,190,5,/events/ufc-4025
15ec018d144710db,2026-03-07,Raul Rosas Jr,Rob Font,-335,250,5,/events/ufc-4025
15ec018d144710db,2026-03-07,Drew Dober,Michael Johnson,-210,165,5,/events/ufc-4025
15ec018d144710db,2026-03-07,Brunno Ferreira,Gregory Rodrigues,132,-165,5,/events/ufc-4025
15ec018d144710db,2026-03-07,Cody Garbrandt,Long Xiao,138,-175,5,/events/ufc-4025
15ec018d144710db,2026-03-07,Cody Brundage,Donte Johnson,600,-900,5,/events/ufc-4025
15ec018d144710db,2026-03-07,Alberto Montes,Ricky Turcios,-190,155,5,/events/ufc-4025
15ec018d144710db,2026-03-07,Cody Durden,Nyamjargal Tumendemberel,162,-195,5,/events/ufc-4025
babc6b5745335f18,2026-03-14,Josh Emmett,Kevin Vallejos,400,-549,5,/events/ufc-vegas-114-4080
babc6b5745335f18,2026-03-14,Amanda Lemos,Gillian Robertson,195,-250,5,/events/ufc-vegas-114-4080
babc6b5745335f18,2026-03-14,Andre Fili,Jose Delgado,370,-480,5,/events/ufc-vegas-114-4080
babc6b5745335f18,2026-03-14,Harry Hardwick,Marwan Rahiki,230,-305,5,/events/ufc-vegas-114-4080
babc6b5745335f18,2026-03-14,Ion Cutelaba,Oumar Sy,240,-315,5,/events/ufc-vegas-114-4080
babc6b5745335f18,2026-03-14,Bruno Silva,Charles Johnson,148,-186,5,/events/ufc-vegas-114-4080
babc6b5745335f18,2026-03-14,Chris Curtis,Myktybek Orolbai,350,-480,5,/events/ufc-vegas-114-4080
babc6b5745335f18,2026-03-14,Steven Asplund,Vitor Petrino,180,-225,5,/events/ufc-vegas-114-4080
babc6b5745335f18,2026-03-14,Elijah Smith,Suyoung You,-275,210,5,/events/ufc-vegas-114-4080
babc6b5745335f18,2026-03-14,Bolaji Oki,Manoel Sousa,215,-278,5,/events/ufc-vegas-114-4080
babc6b5745335f18,2026-03-14,Brad Tavares,Eryk Anders,112,-137,5,/events/ufc-vegas-114-4080
babc6b5745335f18,2026-03-14,Bia Mesquita,Montserrat Rendon,-715,500,5,/events/ufc-vegas-114-4080
babc6b5745335f18,2026-03-14,Hecher Sosa,Luan Lacerda,-210,165,5,/events/ufc-vegas-114-4080
babc6b5745335f18,2026-03-14,Piera Rodriguez,Sam Hughes,-150,120,5,/events/ufc-vegas-114-4080
69108cb8b32efe04,2026-03-21,Lerone Murphy,Movsar Evloev,205,-250,5,/events/ufc-london-4081
69108cb8b32efe04,2026-03-21,Luke Riley,Michael Aswell,-225,175,5,/events/ufc-london-4081
69108cb8b32efe04,2026-03-21,Michael Page,Sam Patterson,-205,163,5,/events/ufc-london-4081
69108cb8b32efe04,2026-03-21,Austen Lane,Iwo Baraniewski,510,-715,5,/events/ufc-london-4081
69108cb8b32efe04,2026-03-21,Christian Leroy Duncan,Roman Dolidze,-385,295,5,/events/ufc-london-4081
69108cb8b32efe04,2026-03-21,Danny Silva,Kurtis Campbell,230,-295,5,/events/ufc-london-4081
69108cb8b32efe04,2026-03-21,Axel Sola,Mason Jones,120,-150,5,/events/ufc-london-4081
69108cb8b32efe04,2026-03-21,Losene Keita,Nathaniel Wood,-265,200,5,/events/ufc-london-4081
69108cb8b32efe04,2026-03-21,Felipe Franco,Mario Pinto,650,-1000,5,/events/ufc-london-4081
69108cb8b32efe04,2026-03-21,Antonio Trocoli,Mantas Kondratavicius,700,-1100,5,/events/ufc-london-4081
69108cb8b32efe04,2026-03-21,Brando Pericic,Louie Sutherland,-245,190,5,/events/ufc-london-4081
69108cb8b32efe04,2026-03-21,Abdul-Kareem Al-Selwady,Shem Rock,110,-136,5,/events/ufc-london-4081
69108cb8b32efe04,2026-03-21,Ravena Oliveira,Shanelle Dyer,380,-530,5,/events/ufc-london-4081
69108cb8b32efe04,2026-03-21,Luana Carolina,Melissa Mullins,-134,110,1,/events/ufc-london-4081
5c38639f860a5542,2026-03-28,Ignacio Bahamondes,Tofiq Musayev,-335,255,5,/events/ufc-seattle-4095
5c38639f860a5542,2026-03-28,Chase Hooper,Lance Gibson Jr,-385,295,5,/events/ufc-seattle-4095
5c38639f860a5542,2026-03-28,Marcin Tybura,Tyrell Fortune,115,-138,5,/events/ufc-seattle-4095
5c38639f860a5542,2026-03-28,Casey Oneill,Gabriella Fernandes,-127,102,5,/events/ufc-seattle-4095
5c38639f860a5542,2026-03-28,Bruno Lopes,Navajo Stirling,525,-770,5,/events/ufc-seattle-4095
5c38639f860a5542,2026-03-28,Adrian Yanez,Ricky Simon,145,-182,5,/events/ufc-seattle-4095
5c38639f860a5542,2026-03-28,Alexia Thainara,Bruna Brasil,-770,540,5,/events/ufc-seattle-4095
9a70f67ad2187fa3,2026-04-04,Chris Duncan,Renato Moicano,-148,118,5,/events/ufc-vegas-115-4107
9a70f67ad2187fa3,2026-04-04,Abdul Rakhman Yakhyaev,Brendson Ribeiro,-1430,800,5,/events/ufc-vegas-115-4107
9a70f67ad2187fa3,2026-04-04,Tabatha Ricci,Virna Jandiroba,112,-138,5,/events/ufc-vegas-115-4107
9a70f67ad2187fa3,2026-04-04,Ethyn Ewing,Rafael Estevam,-132,107,5,/events/ufc-vegas-115-4107
9a70f67ad2187fa3,2026-04-04,Manolo Zecchini,Tommy McMillen,590,-850,5,/events/ufc-vegas-115-4107
9a70f67ad2187fa3,2026-04-04,Jose Delano,Robert Ruchala,-250,195,5,/events/ufc-vegas-115-4107
9a70f67ad2187fa3,2026-04-04,Guilherme Pat,Thomas Petersen,-105,-120,5,/events/ufc-vegas-115-4107
9a70f67ad2187fa3,2026-04-04,Alessandro Costa,Stewart Nicoll,-435,330,5,/events/ufc-vegas-115-4107
9a70f67ad2187fa3,2026-04-04,Darrius Flowers,Lando Vannata,185,-240,5,/events/ufc-vegas-115-4107
9a70f67ad2187fa3,2026-04-04,Alice Pereira,Hailey Cowan,-150,120,5,/events/ufc-vegas-115-4107
9a70f67ad2187fa3,2026-04-04,Azamt Bekoev,Tresean Gore,-670,475,5,/events/ufc-vegas-115-4107
9a70f67ad2187fa3,2026-04-04,Dione Barbosa,Melissa Gatto,-112,-110,5,/events/ufc-vegas-115-4107
9a70f67ad2187fa3,2026-04-04,Dakota Hope,Kai Kamaka III,130,-159,5,/events/ufc-vegas-115-4107
f3eb664db7fb1df3,2026-04-11,Azamat Murzakanov,Paulo Costa,-265,205,5,/events/ufc-327-4074
f3eb664db7fb1df3,2026-04-11,Carlos Ulberg,Jiri Prochazka,-110,-110,5,/events/ufc-327-4074
f3eb664db7fb1df3,2026-04-11,Curtis Blaydes,Josh Hokit,-108,-114,5,/events/ufc-327-4074
f3eb664db7fb1df3,2026-04-11,Dominick Reyes,Johnny Walker,-180,143,5,/events/ufc-327-4074
f3eb664db7fb1df3,2026-04-11,Cub Swanson,Nate Landwehr,-134,108,5,/events/ufc-327-4074
f3eb664db7fb1df3,2026-04-11,Aaron Pico,Patricio Freire,-270,205,5,/events/ufc-327-4074
f3eb664db7fb1df3,2026-04-11,Kevin Holland,Randy Brown,-127,102,5,/events/ufc-327-4074
f3eb664db7fb1df3,2026-04-11,Esteban Ribovics,Mateusz Gamrot,185,-235,5,/events/ufc-327-4074
f3eb664db7fb1df3,2026-04-11,Lupita Godinez,Tatiana Suarez,140,-175,5,/events/ufc-327-4074
f3eb664db7fb1df3,2026-04-11,Chris Padilla,Marquel Mederos,-165,138,5,/events/ufc-327-4074
f3eb664db7fb1df3,2026-04-11,Kelvin Gastelum,Vicente Luque,-278,215,5,/events/ufc-327-4074
f3eb664db7fb1df3,2026-04-11,Charles Radtke,Francisco Prado,-175,140,5,/events/ufc-327-4074
c3ac8d0da7b05772,2026-04-18,Julien Leblanc,Robert Valentin,140,-177,5,/events/ufc-winnipeg-4130
c3ac8d0da7b05772,2026-04-18,Gokhan Saricam,Tanner Boser,-156,123,5,/events/ufc-winnipeg-4130
c3ac8d0da7b05772,2026-04-18,Daria Zhelezniakova,Melissa Croden,116,-143,5,/events/ufc-winnipeg-4130
c3ac8d0da7b05772,2026-04-18,Jamey-Lyn Horth,Jj Aldrich,-190,150,5,/events/ufc-winnipeg-4130
c3ac8d0da7b05772,2026-04-18,John Castaneda,Mark Vologdin,-165,132,5,/events/ufc-winnipeg-4130
c3ac8d0da7b05772,2026-04-18,Jamie Siraj,John Yannis,-260,205,5,/events/ufc-winnipeg-4130
e60d773a0a42048a,2026-04-25,Aljamain Sterling,Youssef Zalal,110,-138,5,/events/ufc-vegas-116-4147
e60d773a0a42048a,2026-04-25,Joselyne Edwards,Norma Dumont,172,-210,5,/events/ufc-vegas-116-4147
e60d773a0a42048a,2026-04-25,Davey Grant,Juan Martinetti,-121,-102,2,/events/ufc-vegas-116-4147
e60d773a0a42048a,2026-04-25,Adrian Luna Martinetti,Davey Grant,-103,-121,3,/events/ufc-vegas-116-4147
e60d773a0a42048a,2026-04-25,Alexander Hernandez,Rafa Garcia,-120,-100,5,/events/ufc-vegas-116-4147
e60d773a0a42048a,2026-04-25,Montel Jackson,Raoni Barcelos,-220,170,5,/events/ufc-vegas-116-4147
e60d773a0a42048a,2026-04-25,Eric McConico,Rodolfo Vieira,300,-390,5,/events/ufc-vegas-116-4147
e60d773a0a42048a,2026-04-25,Marcus Buchecha,Ryan Spann,-155,125,5,/events/ufc-vegas-116-4147
e60d773a0a42048a,2026-04-25,Jackson McVey,Sedriques Dumas,-188,152,5,/events/ufc-vegas-116-4147
e60d773a0a42048a,2026-04-25,Mayra Bueno Silva,Michelle Montague,340,-440,5,/events/ufc-vegas-116-4147
e60d773a0a42048a,2026-04-25,Cody Durden,Jafel Filho,480,-650,5,/events/ufc-vegas-116-4147
e60d773a0a42048a,2026-04-25,Francis Marshall,Lucas Brennan,-500,360,5,/events/ufc-vegas-116-4147
e60d773a0a42048a,2026-04-25,Max Griffin,Victor Valenzuela,107,-132,5,/events/ufc-vegas-116-4147
e60d773a0a42048a,2026-04-25,Julia Polastri,Talita Alencar,-250,195,5,/events/ufc-vegas-116-4147
872b018076f831b0,2026-05-02,Beneil Dariush,Quillan Salkilld,320,-420,5,/events/ufc-perth-4079
872b018076f831b0,2026-05-02,Carlos Prates,Jack Della Maddalena,-112,-110,5,/events/ufc-perth-4079
872b018076f831b0,2026-05-02,Marwan Rahiki,Ollie Schmid,-770,500,5,/events/ufc-perth-4079
872b018076f831b0,2026-05-02,Steve Erceg,Tim Elliott,-188,150,5,/events/ufc-perth-4079
872b018076f831b0,2026-05-02,Louie Sutherland,Tai Tuivasa,175,-225,5,/events/ufc-perth-4079
872b018076f831b0,2026-05-02,Brando Pericic,Shamil Gaziev,-112,-112,5,/events/ufc-perth-4079
872b018076f831b0,2026-05-02,Junior Tafa,Kevin Christian,-235,180,5,/events/ufc-perth-4079
872b018076f831b0,2026-05-02,Cam Rowston,Robert Bryczek,-220,175,5,/events/ufc-perth-4079
872b018076f831b0,2026-05-02,Gerald Meerschaert,Jacob Malkoun,900,-1667,5,/events/ufc-perth-4079
872b018076f831b0,2026-05-02,Colby Thicknesse,Vince Morales,-134,108,5,/events/ufc-perth-4079
872b018076f831b0,2026-05-02,Benjamin Johnston,Wes Schultz,-150,122,5,/events/ufc-perth-4079
872b018076f831b0,2026-05-02,Jonathan Micallef,Themba Gorimbo,-235,180,5,/events/ufc-perth-4079
872b018076f831b0,2026-05-02,Dom Mar Fan,Kody Steele,128,-159,5,/events/ufc-perth-4079
9eedac48b497de5a,2026-05-09,Khamzat Chimaev,Sean Strickland,-500,350,5,/events/ufc-328-4165
9eedac48b497de5a,2026-05-09,Joshua van,Tatsuro Taira,130,-155,5,/events/ufc-328-4165
9eedac48b497de5a,2026-05-09,Alexander Volkov,Waldo Cortes-Acosta,-141,114,5,/events/ufc-328-4165
9eedac48b497de5a,2026-05-09,Joaquin Buckley,Sean Brady,-167,135,3,/events/ufc-328-4165
9eedac48b497de5a,2026-05-09,Jeremy Stephens,King Green,310,-420,5,/events/ufc-328-4165
9eedac48b497de5a,2026-05-09,Ateba Gautier,Ozzy Diaz,-1430,840,5,/events/ufc-328-4165
9eedac48b497de5a,2026-05-09,Joel Alvarez,Yaroslav Amosov,150,-190,5,/events/ufc-328-4165
9eedac48b497de5a,2026-05-09,Grant Dawson,Mateusz Rebecki,-146,120,5,/events/ufc-328-4165
9eedac48b497de5a,2026-05-09,Jared Gordon,Jim Miller,-278,215,5,/events/ufc-328-4165
9eedac48b497de5a,2026-05-09,Marco Tulio,Roman Kopylov,-186,150,5,/events/ufc-328-4165
9eedac48b497de5a,2026-05-09,Pat Sabatini,William Gomis,-177,140,5,/events/ufc-328-4165
9eedac48b497de5a,2026-05-09,Baisangur Susurkaev,Djorden Santos,-800,525,5,/events/ufc-328-4165
9eedac48b497de5a,2026-05-09,Clayton Carpenter,Jose Ochoa,150,-182,5,/events/ufc-328-4165
73abb7a5c57fb443,2026-05-16,Khaos Williams,Nikolay Veretennikov,-125,102,5,/events/ufc-vegas-117-4186
73abb7a5c57fb443,2026-05-16,Ivan Erslan,Tuco Tokkos,-175,140,5,/events/ufc-vegas-117-4186
73abb7a5c57fb443,2026-05-16,Artur Minev,Thomas Grantt,155,-195,5,/events/ufc-vegas-117-4186
73abb7a5c57fb443,2026-05-16,Jacqueline Cavalcanti,Ketlen Vieira,-154,128,5,/events/ufc-vegas-117-4186
73abb7a5c57fb443,2026-05-16,Andre Petroski,Cody Brundage,-154,130,5,/events/ufc-vegas-117-4186
73abb7a5c57fb443,2026-05-16,Alice Ardelean,Polyana Viana,-190,150,5,/events/ufc-vegas-117-4186
73abb7a5c57fb443,2026-05-16,Daniel Barez,Luis Gurule,138,-175,5,/events/ufc-vegas-117-4186
73abb7a5c57fb443,2026-05-16,Nicolle Caliari,Shauna Bannon,-265,205,5,/events/ufc-vegas-117-4186
1e75e6c9de99fa76,2026-05-30,Deiveson Figueiredo,Song Yadong,460,-620,5,/events/ufc-macau-4188
1e75e6c9de99fa76,2026-05-30,Sergei Pavlovich,Tallison Teixeira,-625,440,5,/events/ufc-macau-4188
1e75e6c9de99fa76,2026-05-30,Alonzo Menifield,Zhang Mingyang,195,-250,5,/events/ufc-macau-4188
1e75e6c9de99fa76,2026-05-30,Cameron Smotherman,Kai Asakura,230,-305,5,/events/ufc-macau-4188
1e75e6c9de99fa76,2026-05-30,Carlston Harris,Jake Matthews,420,-590,5,/events/ufc-macau-4188
1e75e6c9de99fa76,2026-05-30,Rodrigo Vera,Zhu Kangjie,-108,-108,3,/events/ufc-macau-4188
1e75e6c9de99fa76,2026-05-30,Alex Perez,Sumudaerji Sumudaerji,-156,125,5,/events/ufc-macau-4188
1e75e6c9de99fa76,2026-05-30,Jose Henrique,Meng Ding,102,-127,3,/events/ufc-macau-4188
1e75e6c9de99fa76,2026-05-30,Luis Felipe Dias,Yi Sak Lee,-187,149,4,/events/ufc-macau-4188
1e75e6c9de99fa76,2026-05-30,Aoriqileng,Cody Haddon,320,-420,5,/events/ufc-macau-4188
1e75e6c9de99fa76,2026-05-30,Ding Meng,Jose Henrique,-119,-100,2,/events/ufc-macau-4188
1e75e6c9de99fa76,2026-05-30,Luis Gurule,Rei Tsuruya,330,-435,5,/events/ufc-macau-4188
1e75e6c9de99fa76,2026-05-30,Angela Hill,Xiong Jingnan,160,-195,5,/events/ufc-macau-4188
1e75e6c9de99fa76,2026-05-30,Kangjie Zhu,Rodrigo Vera,-118,-105,2,/events/ufc-macau-4188
1e75e6c9de99fa76,2026-05-30,Jaqueline Amorim,Loma Lookboonmee,-142,120,5,/events/ufc-macau-4188
ba17afef01ed78b6,2026-06-06,Belal Muhammad,Gabriel Bonfim,-116,-104,5,/events/ufc-vegas-118-4200
ba17afef01ed78b6,2026-06-06,Brendan Allen,Edmen Shahbazyan,-195,155,5,/events/ufc-vegas-118-4200
ba17afef01ed78b6,2026-06-06,Fares Ziam,Tom Nolan,-335,250,5,/events/ufc-vegas-118-4200
ba17afef01ed78b6,2026-06-06,Bryce Mitchell,Santiago Luna,-125,102,5,/events/ufc-vegas-118-4200
ba17afef01ed78b6,2026-06-06,Iwo Baraniewski,Junior Tafa,-435,320,5,/events/ufc-vegas-118-4200
ba17afef01ed78b6,2026-06-06,Alessandro Costa,Matt Schnell,-455,340,5,/events/ufc-vegas-118-4200
ba17afef01ed78b6,2026-06-06,John Yannis,Marcus McGhee,360,-500,5,/events/ufc-vegas-118-4200
ba17afef01ed78b6,2026-06-06,Bruno Silva,Edgar Chairez,-121,-103,5,/events/ufc-vegas-118-4200
ba17afef01ed78b6,2026-06-06,Chelsea Chandler,Priscila Cachoeira,-129,104,5,/events/ufc-vegas-118-4200
ba17afef01ed78b6,2026-06-06,Joanderson Brito,Jordan Leavitt,-182,145,5,/events/ufc-vegas-118-4200
ba17afef01ed78b6,2026-06-06,Jeisla Chaves,Yuneisy Duben,-280,225,5,/events/ufc-vegas-118-4200
ba17afef01ed78b6,2026-06-06,Ariane Carnelossi,Ketlen Souza,265,-345,5,/events/ufc-vegas-118-4200
48544433372ecfa6,2026-06-14,Ilia Topuria,Justin Gaethje,-480,350,5,/events/ufc-freedom-fights-250-4082
48544433372ecfa6,2026-06-14,Alex Pereira,Ciryl Gane,-115,-105,5,/events/ufc-freedom-fights-250-4082
48544433372ecfa6,2026-06-14,Aiemann Zahabi,Sean Omalley,325,-435,5,/events/ufc-freedom-fights-250-4082
48544433372ecfa6,2026-06-14,Derrick Lewis,Josh Hokit,320,-405,5,/events/ufc-freedom-fights-250-4082
48544433372ecfa6,2026-06-14,Mauricio Ruffy,Michael Chandler,-530,390,5,/events/ufc-freedom-fights-250-4082
48544433372ecfa6,2026-06-14,Bo Nickal,Kyle Daukaus,-335,250,5,/events/ufc-freedom-fights-250-4082
48544433372ecfa6,2026-06-14,Diego Lopes,Steve Garcia,-175,140,5,/events/ufc-freedom-fights-250-4082
c8661e204c66f325,2026-06-20,Ion Cutelaba,Navajo Stirling,265,-345,5,/events/ufc-vegas-119-4225
c8661e204c66f325,2026-06-20,Christian Rodriguez,Hyder Amil,-220,175,5,/events/ufc-vegas-119-4225
c8661e204c66f325,2026-06-20,Melsik Baghdasaryan,Murtazali Magomedov,295,-385,5,/events/ufc-vegas-119-4225
c8661e204c66f325,2026-06-20,Andre Fili,Vinicius Oliveira,220,-275,5,/events/ufc-vegas-119-4225
c8661e204c66f325,2026-06-20,Andre Lima,Kevin Borjas,-670,480,5,/events/ufc-vegas-119-4225
c8661e204c66f325,2026-06-20,Bia Mesquita,Melissa Mullins,-625,460,5,/events/ufc-vegas-119-4225
c8661e204c66f325,2026-06-20,Allan Nascimento,Mitch Raposo,-167,135,5,/events/ufc-vegas-119-4225
c8661e204c66f325,2026-06-20,Gaston Bolanos,Michael Aswell,310,-420,5,/events/ufc-vegas-119-4225
c8661e204c66f325,2026-06-20,Leon Shahbazyan,Levan Chokheli,295,-385,5,/events/ufc-vegas-119-4225
c8661e204c66f325,2026-06-20,Karol Rosa,Luana Santos,-118,-105,5,/events/ufc-vegas-119-4225
c8661e204c66f325,2026-06-20,Otari Tanzilovi,Shane Collins,175,-220,5,/events/ufc-vegas-119-4225
31e1ea6fe6b682f8,2026-06-27,Manuel Torres,Rafael Fiziev,-110,-110,5,/events/ufc-fight-night-4230
31e1ea6fe6b682f8,2026-06-27,Michel Pereira,Shara Magomedov,310,-420,5,/events/ufc-fight-night-4230
31e1ea6fe6b682f8,2026-06-27,Matheus Camilo,Nazim Sadykhov,155,-195,5,/events/ufc-fight-night-4230
31e1ea6fe6b682f8,2026-06-27,Asu Almabayev,Charles Johnson,-345,265,5,/events/ufc-fight-night-4230
31e1ea6fe6b682f8,2026-06-27,Brunno Ferreira,Ikram Aliskerov,225,-290,5,/events/ufc-fight-night-4230
31e1ea6fe6b682f8,2026-06-27,Abus Magomedov,Michal Oleksiejczuk,102,-120,5,/events/ufc-fight-night-4230
31e1ea6fe6b682f8,2026-06-27,Eric Nolan,Farman Hasanov,140,-175,5,/events/ufc-fight-night-4230
31e1ea6fe6b682f8,2026-06-27,Abdul Rakhman Yakhyaev,Julius Walker,-649,450,5,/events/ufc-fight-night-4230
31e1ea6fe6b682f8,2026-06-27,Andrey Pulyaev,Nursulton Ruziboev,146,-180,5,/events/ufc-fight-night-4230
31e1ea6fe6b682f8,2026-06-27,Javier Reyes,Kaan Ofli,-230,180,5,/events/ufc-fight-night-4230
31e1ea6fe6b682f8,2026-06-27,Daniil Donchenko,Theodor Berggren,-500,375,5,/events/ufc-fight-night-4230
31e1ea6fe6b682f8,2026-06-27,Bekzat Almakhan,Jean Matsumoto,148,-176,5,/events/ufc-fight-night-4230
31e1ea6fe6b682f8,2026-06-27,Jefferson Nascimento,Tahir Abdullayev,-157,125,5,/events/ufc-fight-night-4230
fccb0fee256b7b4d,2026-07-11,Conor McGregor,Max Holloway,235,-290,5,/events/ufc-329-4252
fccb0fee256b7b4d,2026-07-11,Benoit Saint-Denis,Paddy Pimblett,-122,-100,5,/events/ufc-329-4252
fccb0fee256b7b4d,2026-07-11,Cory Sandhagen,Mario Bautista,-150,120,5,/events/ufc-329-4252
fccb0fee256b7b4d,2026-07-11,Brandon Royval,Loneer Kavanagh,195,-250,5,/events/ufc-329-4252
fccb0fee256b7b4d,2026-07-11,King Green,Terrance McKinney,-118,-104,5,/events/ufc-329-4252
fccb0fee256b7b4d,2026-07-11,Nikita Krylov,Robert Whittaker,102,-125,5,/events/ufc-329-4252
fccb0fee256b7b4d,2026-07-11,Elisha Ellison,Gable Steveson,850,-1430,5,/events/ufc-329-4252
fccb0fee256b7b4d,2026-07-11,Adrian Yanez,Cody Garbrandt,-420,320,5,/events/ufc-329-4252
fccb0fee256b7b4d,2026-07-11,Kai Kamaka III,Luke Riley,205,-260,5,/events/ufc-329-4252
fccb0fee256b7b4d,2026-07-11,Tracy Cortez,Wang Cong,-100,-120,5,/events/ufc-329-4252
fccb0fee256b7b4d,2026-07-11,Cesar Almeida,Damian Pinas,205,-265,5,/events/ufc-329-4252
fccb0fee256b7b4d,2026-07-11,Farid Basharat,John Garza,-715,500,5,/events/ufc-329-4252
fccb0fee256b7b4d,2026-07-11,Ryan Gandra,Zachary Reese,-136,110,5,/events/ufc-329-4252
fccb0fee256b7b4d,2026-07-11,Alessandro Costa,Cody Durden,-235,185,5,/events/ufc-329-4252
f354c50b8d63d9b3,2026-07-18,Dricus Du Plessis,Kamaru Usman,-215,175,5,/events/ufc-oklahoma-4195
f354c50b8d63d9b3,2026-07-18,Christian Leroy Duncan,Jared Cannonier,-385,290,5,/events/ufc-oklahoma-4195
f354c50b8d63d9b3,2026-07-18,Chase Hooper,Mitch Ramirez,-370,275,5,/events/ufc-oklahoma-4195
f354c50b8d63d9b3,2026-07-18,Fatima Kline,Tabatha Ricci,-500,370,5,/events/ufc-oklahoma-4195
f354c50b8d63d9b3,2026-07-18,Alberto Montes,Tommy McMillen,163,-200,5,/events/ufc-oklahoma-4195
f354c50b8d63d9b3,2026-07-18,Austin Bashi,Jose Delgado,-138,115,5,/events/ufc-oklahoma-4195
f354c50b8d63d9b3,2026-07-18,Jean-Paul Lebosnoyani,Seok Hyun Ko,148,-180,5,/events/ufc-oklahoma-4195
f354c50b8d63d9b3,2026-07-18,Felipe Franco,Levi Rodrigues,123,-152,5,/events/ufc-oklahoma-4195
f354c50b8d63d9b3,2026-07-18,Damien Anderson,Erza Elliot,-124,-100,5,/events/ufc-oklahoma-4195
f354c50b8d63d9b3,2026-07-18,Alden Coria,Stewart Nicoll,-1000,700,5,/events/ufc-oklahoma-4195
f354c50b8d63d9b3,2026-07-18,Alvin Hines,Rj Harris,-121,-103,5,/events/ufc-oklahoma-4195
f354c50b8d63d9b3,2026-07-18,Anna Melisano,Dione Barbosa,480,-670,5,/events/ufc-oklahoma-4195
681d07e328798ec0,2026-07-25,Bogdan Guskov,Magomed Ankalaev,400,-550,5,/events/ufc-abu-dhabi-4216
681d07e328798ec0,2026-07-25,Ramazan Temirov,Steve Erceg,-110,-110,5,/events/ufc-abu-dhabi-4216
681d07e328798ec0,2026-07-25,Islam Dulatov,Wellington Turman,-1100,640,5,/events/ufc-abu-dhabi-4216
681d07e328798ec0,2026-07-25,Damian Rzepecki,Magomed Zaynukov,210,-275,5,/events/ufc-abu-dhabi-4216
681d07e328798ec0,2026-07-25,Rizvan Kuniev,Tyrell Fortune,-335,260,5,/events/ufc-abu-dhabi-4216
681d07e328798ec0,2026-07-25,Abubakar Vagaev,Saygid Izagakhmaev,-225,175,5,/events/ufc-abu-dhabi-4216
681d07e328798ec0,2026-07-25,Thomas Petersen,Valter Walker,155,-195,5,/events/ufc-abu-dhabi-4216
681d07e328798ec0,2026-07-25,Dustin Jacoby,Muhammad Said,-188,150,5,/events/ufc-abu-dhabi-4216
681d07e328798ec0,2026-07-25,Sam Patterson,Santiago Ponzinibbio,-530,390,5,/events/ufc-abu-dhabi-4216
681d07e328798ec0,2026-07-25,Axel Sola,Ismael Bonfim,-200,163,5,/events/ufc-abu-dhabi-4216
681d07e328798ec0,2026-07-25,Brendson Ribeiro,Magomed Tuchalov,590,-910,5,/events/ufc-abu-dhabi-4216
681d07e328798ec0,2026-07-25,Mike Davis,Nurullo Aliev,180,-230,5,/events/ufc-abu-dhabi-4216
681d07e328798ec0,2026-07-25,Abdul Hussein,Cody Gibson,-625,450,5,/events/ufc-abu-dhabi-4216
1a50e734bb54861a,2026-08-01,Daniel Rodriguez,Uros Medic,310,-400,5,/events/ufc-belgrade-4285
1a50e734bb54861a,2026-08-01,Jan Blachowicz,Navajo Stirling,250,-335,5,/events/ufc-belgrade-4285
1a50e734bb54861a,2026-08-01,Aleksandar Rakic,Marcin Tybura,-400,310,5,/events/ufc-belgrade-4285
1a50e734bb54861a,2026-08-01,Gilbert Urbina,Vlasto Cepo,265,-345,5,/events/ufc-belgrade-4285
1a50e734bb54861a,2026-08-01,Dusko Todorovic,Robert Valentin,132,-165,5,/events/ufc-belgrade-4285
1a50e734bb54861a,2026-08-01,Milos Janicic,Noah Gugnon,-124,-100,5,/events/ufc-belgrade-4285
1a50e734bb54861a,2026-08-01,Ludovit Klein,Tofiq Musayev,-265,205,5,/events/ufc-belgrade-4285
1a50e734bb54861a,2026-08-01,Michael Oliveira,Oban Elliott,-450,350,5,/events/ufc-belgrade-4285
1a50e734bb54861a,2026-08-01,Borislav Nikolic,Mark Vologdin,-210,165,5,/events/ufc-belgrade-4285
1a50e734bb54861a,2026-08-01,Bogdan Grad,Dennis Buzukia,-200,163,5,/events/ufc-belgrade-4285
1a50e734bb54861a,2026-08-01,Kyle Prepolec,Mateusz Rebecki,570,-835,5,/events/ufc-belgrade-4285
1a50e734bb54861a,2026-08-01,Hailey Cowan,Nina Milosevic,430,-590,5,/events/ufc-belgrade-4285
1a50e734bb54861a,2026-08-01,Alexander Poppeck,Jovan Leka,255,-345,5,/events/ufc-belgrade-4285
1a50e734bb54861a,2026-08-01,Marina Spasic,Stephanie Luciano,270,-340,5,/events/ufc-belgrade-4285
495add4fbede0a44,2026-08-08,Mateusz Gamrot,Quillan Salkilld,138,-166,5,/events/ufc-vegas-120-4301
495add4fbede0a44,2026-08-08,Billy Quarantillo,Diego Ferreira,145,-180,5,/events/ufc-vegas-120-4301
495add4fbede0a44,2026-08-08,Darren Elkins,Yadier Del Valle,640,-950,5,/events/ufc-vegas-120-4301
495add4fbede0a44,2026-08-08,Alexia Thainara,Amanda Lemos,-315,235,5,/events/ufc-vegas-120-4301
495add4fbede0a44,2026-08-08,Billy Ray Goff,Ty Miller,310,-420,5,/events/ufc-vegas-120-4301
495add4fbede0a44,2026-08-08,Guilherme Pat,Steven Asplund,240,-315,5,/events/ufc-vegas-120-4301
495add4fbede0a44,2026-08-08,Bruno Lopes,Diyar Nurgozhay,135,-166,5,/events/ufc-vegas-120-4301
495add4fbede0a44,2026-08-08,Jose Montanha,Louie Sutherland,175,-225,5,/events/ufc-vegas-120-4301
495add4fbede0a44,2026-08-08,Manoel Sousa,Richie Miranda,-370,280,5,/events/ufc-vegas-120-4301
495add4fbede0a44,2026-08-08,Gianni Vazquez,Miles Johns,163,-205,5,/events/ufc-vegas-120-4301
495add4fbede0a44,2026-08-08,Juliana Miller,Ravena Oliveira,-345,255,5,/events/ufc-vegas-120-4301
495add4fbede0a44,2026-08-08,Carol Foro,Gigi Canuto,-210,175,5,/events/ufc-vegas-120-4301
b96619b3acd7d9da,2026-08-15,Ian Machado Garry,Islam Makhachev,265,-340,5,/events/ufc-330-4237
b96619b3acd7d9da,2026-08-15,Gillian Robertson,Mackenzie Dern,165,-215,5,/events/ufc-330-4237
b96619b3acd7d9da,2026-08-15,Jalin Turner,Kaue Fernandes,-120,-105,5,/events/ufc-330-4237
b96619b3acd7d9da,2026-08-15,Dustin Stoltzfus,Mansur Abdul-Malik,480,-715,5,/events/ufc-330-4237
b96619b3acd7d9da,2026-08-15,Edson Barboza,Esteban Ribovics,500,-770,5,/events/ufc-330-4237
b96619b3acd7d9da,2026-08-15,Chidi Njokuani,Joel Alvarez,255,-345,5,/events/ufc-330-4237
b96619b3acd7d9da,2026-08-15,Donte Johnson,Eric McConico,-360,270,5,/events/ufc-330-4237
b96619b3acd7d9da,2026-08-15,Tresean Gore,Vicente Luque,-112,-110,5,/events/ufc-330-4237
b96619b3acd7d9da,2026-08-15,Lucas Fernando,Rafael Tobias,-305,230,5,/events/ufc-330-4237
b96619b3acd7d9da,2026-08-15,Neil Magny,Ramiz Brahimaj,120,-150,5,/events/ufc-330-4237
b96619b3acd7d9da,2026-08-15,Jeremiah Wells,Myktybek Orolbai,750,-1200,5,/events/ufc-330-4237
a0a69dc9914ef6e1,2026-08-22,Anthony Hernandez,Gregory Rodrigues,-215,170,5,/events/ufc-sacramento-4320
a0a69dc9914ef6e1,2026-08-22,Serghei Spivac,Vitor Petrino,120,-148,5,/events/ufc-sacramento-4320
a0a69dc9914ef6e1,2026-08-22,Reinier de Ridder,Roman Dolidze,-400,310,5,/events/ufc-sacramento-4320
a0a69dc9914ef6e1,2026-08-22,Marquel Mederos,Mason Jones,275,-375,5,/events/ufc-sacramento-4320
a0a69dc9914ef6e1,2026-08-22,Carli Judice,Jeisla Chaves,-625,420,5,/events/ufc-sacramento-4320
a0a69dc9914ef6e1,2026-08-22,Jamall Emmers,Lerryan Douglas,300,-400,5,/events/ufc-sacramento-4320
a0a69dc9914ef6e1,2026-08-22,Kennedy Nzechukwu,Shamil Gaziev,-100,-124,5,/events/ufc-sacramento-4320
a0a69dc9914ef6e1,2026-08-22,Chris Padilla,Nasrat Haqparast,-124,-100,5,/events/ufc-sacramento-4320
a0a69dc9914ef6e1,2026-08-22,Marcio Barbosa,Ryan Kuse,-900,600,5,/events/ufc-sacramento-4320
a0a69dc9914ef6e1,2026-08-22,Gauge Young,Stanley Dorsainvil,-195,155,5,/events/ufc-sacramento-4320
a0a69dc9914ef6e1,2026-08-22,Jackson McVey,Wes Schultz,-185,150,5,/events/ufc-sacramento-4320
a0a69dc9914ef6e1,2026-08-22,Elise Reed,Shanelle Dyer,590,-900,5,/events/ufc-sacramento-4320
9d61d8cb1c354867,2026-08-29,Song Yadong,Umar Nurmagomedov,460,-670,5,/events/ufc-shanghai-4257
9d61d8cb1c354867,2026-08-29,Denise Gomes,Yan Xiaonan,125,-150,5,/events/ufc-shanghai-4257
9d61d8cb1c354867,2026-08-29,Aoriqileng,Kai Asakura,335,-480,5,/events/ufc-shanghai-4257
9d61d8cb1c354867,2026-08-29,Alex Perez,Sumudaerji Sumudaerji,175,-225,5,/events/ufc-shanghai-4257
9d61d8cb1c354867,2026-08-29,Levi Rodrigues Jr,Liu Ce,149,-179,2,/events/ufc-shanghai-4257
9d61d8cb1c354867,2026-08-29,Ce Liu,Levi Rodrigues,-182,145,3,/events/ufc-shanghai-4257
9d61d8cb1c354867,2026-08-29,Bilal Hasan,Nilson Rojas,-900,560,5,/events/ufc-shanghai-4257
9d61d8cb1c354867,2026-08-29,Andre Lima,Namsrai Batbayar,-275,210,5,/events/ufc-shanghai-4257
9d61d8cb1c354867,2026-08-29,Kevin Borjas,Rei Tsuruya,525,-835,5,/events/ufc-shanghai-4257
9d61d8cb1c354867,2026-08-29,Jack Jenkins,Sean Woodson,120,-148,5,/events/ufc-shanghai-4257
9d61d8cb1c354867,2026-08-29,Francesco Nuzzi,Xiao Long,140,-175,5,/events/ufc-shanghai-4257
9d61d8cb1c354867,2026-08-29,Hector Santiago,Lawrence Lui,280,-370,5,/events/ufc-shanghai-4257
9d61d8cb1c354867,2026-08-29,Jingnan Xiong,Julia Polastri,195,-250,3,/events/ufc-shanghai-4257
9d61d8cb1c354867,2026-08-29,Julia Polastri,Xiong Jingnan,-232,187,2,/events/ufc-shanghai-4257
9d61d8cb1c354867,2026-08-29,Cameron Nelson,Ding Meng,118,-148,5,/events/ufc-shanghai-4257
2144954270be834d,2026-09-05,Dan Hooker,Salahdine Parnasse,390,-549,5,/events/ufc-fight-night-4326
2144954270be834d,2026-09-05,Axel Sola,Fares Ziam,125,-154,5,/events/ufc-fight-night-4326
2144954270be834d,2026-09-05,Michael Page,Nursulton Ruziboev,-205,163,5,/events/ufc-fight-night-4326
2144954270be834d,2026-09-05,Daniil Donchenko,Punahele Soriano,-240,195,5,/events/ufc-fight-night-4326
2144954270be834d,2026-09-05,Kurtis Campbell,Trevor Peek,-400,300,5,/events/ufc-fight-night-4326
2144954270be834d,2026-09-05,Losene Keita,Muhammad Naimov,-435,320,5,/events/ufc-fight-night-4326
2144954270be834d,2026-09-05,Felipe Lima,Morgan Charriere,-215,170,5,/events/ufc-fight-night-4326
2144954270be834d,2026-09-05,Mario Pinto,Ryan Spann,-355,280,5,/events/ufc-fight-night-4326
2144954270be834d,2026-09-05,Modestas Bukauskas,Oumar Sy,198,-240,5,/events/ufc-fight-night-4326
2144954270be834d,2026-09-05,Nathaniel Wood,Pavel Andrusca,-315,240,5,/events/ufc-fight-night-4326
2144954270be834d,2026-09-05,Fabia Sintes,Michael Aljarouj,107,-132,5,/events/ufc-fight-night-4326
2144954270be834d,2026-09-05,Klaudia Sygula,Nora Cornolle,-120,-105,5,/events/ufc-fight-night-4326
2144954270be834d,2026-09-05,Luis Felipe Dias,Matthieu Duclos,-104,-118,5,/events/ufc-fight-night-4326
2144954270be834d,2026-09-05,Delphine Benouaich,Sofia Montenegro,-136,112,5,/events/ufc-fight-night-4326
638cfec7ec559d6e,2026-09-12,Jean Silva,Jose Delgado,-435,320,5,/events/ufc-glendale-4328
8a0a35e7c74bebcc,2026-09-19,Alexandre Pantoja,Joshua van,125,-157,5,/events/ufc-331-4302
8a0a35e7c74bebcc,2026-09-19,Arman Tsarukyan,Mauricio Ruffy,-315,235,5,/events/ufc-331-4302
8a0a35e7c74bebcc,2026-09-19,Doo Ho Choi,Patricio Freire,-265,210,5,/events/ufc-331-4302
8a0a35e7c74bebcc,2026-09-19,Gable Steveson,Sean Sharaf,-2500,1000,5,/events/ufc-331-4302
8a0a35e7c74bebcc,2026-09-19,Alonzo Menifield,Iwo Baraniewski,240,-315,5,/events/ufc-331-4302
8a0a35e7c74bebcc,2026-09-19,Charles Jourdain,Marlon Vera,-215,170,5,/events/ufc-331-4302
8a0a35e7c74bebcc,2026-09-19,Robelis Despaigne,Tai Tuivasa,-450,335,5,/events/ufc-331-4302
8a0a35e7c74bebcc,2026-09-19,Joo Sang Yoo,Michael Aswell,-180,150,5,/events/ufc-331-4302
8a0a35e7c74bebcc,2026-09-19,Ozzy Diaz,Ryan Gandra,420,-560,5,/events/ufc-331-4302
8a0a35e7c74bebcc,2026-09-19,Brunno Ferreira,Edmen Shahbazyan,150,-178,5,/events/ufc-331-4302
8a0a35e7c74bebcc,2026-09-19,Casey O'Neill,Eduarda Moura,-245,190,5,/events/ufc-331-4302
8a0a35e7c74bebcc,2026-09-19,Giga Chikadze,Joanderson Brito,340,-450,5,/events/ufc-331-4302
5717efc6f271cd52,2023-01-21,Glover Teixeira,Jamahal Hill,116,-140,7,/events/ufc-283-2635
5717efc6f271cd52,2023-01-21,Gilbert Burns,Neil Magny,-530,390,7,/events/ufc-283-2635
5717efc6f271cd52,2023-01-21,Jessica Andrade,Lauren Murphy,-530,400,7,/events/ufc-283-2635
5717efc6f271cd52,2023-01-21,Johnny Walker,Paul Craig,-190,160,7,/events/ufc-283-2635
5717efc6f271cd52,2023-01-21,Ihor Potieria,Mauricio Rua,-205,168,7,/events/ufc-283-2635
5717efc6f271cd52,2023-01-21,Brunno Ferreira,Gregory Rodrigues,250,-315,7,/events/ufc-283-2635
5717efc6f271cd52,2023-01-21,Melquizael Costa,Thiago Moises,300,-400,7,/events/ufc-283-2635
5717efc6f271cd52,2023-01-21,Gabriel Bonfim,Mounir Lazzez,-178,150,7,/events/ufc-283-2635
5717efc6f271cd52,2023-01-21,Jailton Almeida,Shamil Abdurakhimov,-1115,700,7,/events/ufc-283-2635
5717efc6f271cd52,2023-01-21,Cody Stamann,Luan Luiz Lacerda,-360,290,7,/events/ufc-283-2635
5717efc6f271cd52,2023-01-21,Ismael Bonfim,Terrance McKinney,-100,-124,7,/events/ufc-283-2635
5717efc6f271cd52,2023-01-21,Nicolas Dalby,Warlley Alves,112,-135,7,/events/ufc-283-2635
5717efc6f271cd52,2023-01-21,Josiane Nunes,Zarah Fairn,-560,410,7,/events/ufc-283-2635
5717efc6f271cd52,2023-01-21,Brad Tavares,Gregory Rodrigues,190,-250,1,/events/ufc-283-2635
5717efc6f271cd52,2023-01-21,Daniel Marcos,Saimon Oliveira,120,-145,7,/events/ufc-283-2635
d26394fc0e8e880a,2023-02-04,Derrick Lewis,Serghei Spivac,240,-300,7,/events/ufc-fight-night-lewis-vs-spivak-2747
d26394fc0e8e880a,2023-02-04,Da Un Jung,Devin Clark,-265,210,7,/events/ufc-fight-night-lewis-vs-spivak-2747
d26394fc0e8e880a,2023-02-04,Blagoy Ivanov,Marcin Tybura,115,-143,7,/events/ufc-fight-night-lewis-vs-spivak-2747
d26394fc0e8e880a,2023-02-04,Choi Doo-Ho,Kyle Nelson,-190,150,7,/events/ufc-fight-night-lewis-vs-spivak-2747
d26394fc0e8e880a,2023-02-04,Adam Fugitt,Yusaku Kinoshita,260,-345,7,/events/ufc-fight-night-lewis-vs-spivak-2747
d26394fc0e8e880a,2023-02-04,Anshul Jubli,Jeka Saragih,126,-148,7,/events/ufc-fight-night-lewis-vs-spivak-2747
d26394fc0e8e880a,2023-02-04,Lee Jeong-Yeong,Yi Zha,-250,200,7,/events/ufc-fight-night-lewis-vs-spivak-2747
d26394fc0e8e880a,2023-02-04,Rinya Nakamura,Toshiomi Kazama,-500,350,7,/events/ufc-fight-night-lewis-vs-spivak-2747
d26394fc0e8e880a,2023-02-04,Hyun Sung Park,Seung Guk Choi,-210,165,7,/events/ufc-fight-night-lewis-vs-spivak-2747
d26394fc0e8e880a,2023-02-04,Ji Yeon Kim,Mandy Bohm,-280,220,7,/events/ufc-fight-night-lewis-vs-spivak-2747
d26394fc0e8e880a,2023-02-04,Denis Tiuliulin,Jun Yong Park,180,-225,7,/events/ufc-fight-night-lewis-vs-spivak-2747
d26394fc0e8e880a,2023-02-04,Jesus Santos Aguilar,Tatsuro Taira,800,-1408,7,/events/ufc-fight-night-lewis-vs-spivak-2747
01dd4cdc2446f665,2023-02-11,Blake Bilder,Shane Young,128,-152,7,/events/ufc-284-2688
01dd4cdc2446f665,2023-02-11,Elves Brenner,Zubaira Tukhugov,460,-625,7,/events/ufc-284-2688
01dd4cdc2446f665,2023-02-11,Paulo Costa,Robert Whittaker,225,-275,1,/events/ufc-284-2688
1ccff7f0cfdf85eb,2023-03-04,Ciryl Gane,Jon Jones,145,-173,6,/events/ufc-285-2738
1ccff7f0cfdf85eb,2023-03-04,Geoff Neal,Shavkat Rakhmonov,400,-524,6,/events/ufc-285-2738
1ccff7f0cfdf85eb,2023-03-04,Jalin Turner,Mateusz Gamrot,169,-212,6,/events/ufc-285-2738
1ccff7f0cfdf85eb,2023-03-04,Bo Nickal,Jamie Pickett,-2000,1000,7,/events/ufc-285-2738
1ccff7f0cfdf85eb,2023-03-04,Cody Garbrandt,Trevin Jones,-175,145,7,/events/ufc-285-2738
1ccff7f0cfdf85eb,2023-03-04,Alexa Grasso,Valentina Shevchenko,587,-900,6,/events/ufc-285-2738
1ccff7f0cfdf85eb,2023-03-04,Derek Brunson,Dricus Du Plessis,188,-232,6,/events/ufc-285-2738
1ccff7f0cfdf85eb,2023-03-04,Amanda Ribas,Viviane Araujo,-118,-105,7,/events/ufc-285-2738
1ccff7f0cfdf85eb,2023-03-04,Julian Marquez,Marc-Andre Barriault,132,-163,7,/events/ufc-285-2738
1ccff7f0cfdf85eb,2023-03-04,Ian Garry,Kenan Song,-800,537,6,/events/ufc-285-2738
1ccff7f0cfdf85eb,2023-03-04,Cameron Saaiman,Leomana Martinez,-265,210,7,/events/ufc-285-2738
1ccff7f0cfdf85eb,2023-03-04,Jessica Penne,Tabatha Ricci,250,-320,7,/events/ufc-285-2738
1ccff7f0cfdf85eb,2023-03-04,Darmon Blackshear,Farid Basharat,350,-480,7,/events/ufc-285-2738
1ccff7f0cfdf85eb,2023-03-04,Esteban Ribovics,Kamuela Kirk,-195,165,1,/events/ufc-285-2738
1ccff7f0cfdf85eb,2023-03-04,Esteban Ribovics,Loik Radzhabov,171,-210,6,/events/ufc-285-2738
35080a7f406f9ab3,2023-03-11,Merab Dvalishvili,Petr Yan,210,-265,6,/events/ufc-fight-night-221-2719
35080a7f406f9ab3,2023-03-11,Alexander Volkov,Alexandr Romanov,124,-155,5,/events/ufc-fight-night-221-2719
35080a7f406f9ab3,2023-03-11,Alexander Romanov,Alexander Volkov,-163,130,1,/events/ufc-fight-night-221-2719
35080a7f406f9ab3,2023-03-11,Nikita Krylov,Ryan Spann,-166,140,6,/events/ufc-fight-night-221-2719
35080a7f406f9ab3,2023-03-11,Jonathan Martinez,Said Nurmagomedov,196,-250,6,/events/ufc-fight-night-221-2719
35080a7f406f9ab3,2023-03-11,Guido Cannetti,Mario Bautista,650,-1000,6,/events/ufc-fight-night-221-2719
35080a7f406f9ab3,2023-03-11,Anton Turkalj,Vitor Petrino,-105,-117,6,/events/ufc-fight-night-221-2719
35080a7f406f9ab3,2023-03-11,Karl Williams,Rukasz Brzeski,-250,197,6,/events/ufc-fight-night-221-2719
35080a7f406f9ab3,2023-03-11,Josh Fremd,Sedriques Dumas,180,-225,6,/events/ufc-fight-night-221-2719
35080a7f406f9ab3,2023-03-11,Davey Grant,Raphael Assuncao,-139,114,6,/events/ufc-fight-night-221-2719
35080a7f406f9ab3,2023-03-11,Tony Gravely,Victor Henry,120,-150,6,/events/ufc-fight-night-221-2719
35080a7f406f9ab3,2023-03-11,Ariane Lipski,Jj Aldrich,300,-400,6,/events/ufc-fight-night-221-2719
35080a7f406f9ab3,2023-03-11,Bruno Gustavo da Silva,Tyson Nam,-189,153,6,/events/ufc-fight-night-221-2719
35080a7f406f9ab3,2023-03-11,Carlston Harris,Jared Gooden,-312,242,6,/events/ufc-fight-night-221-2719
e4bb7e483c4ad318,2023-03-18,Kamaru Usman,Leon Edwards,-272,210,6,/events/ufc-286-2746
e4bb7e483c4ad318,2023-03-18,Daniel Rodriguez,Gunnar Nelson,270,-350,1,/events/ufc-286-2746
e4bb7e483c4ad318,2023-03-18,Justin Gaethje,Rafael Fiziev,190,-247,6,/events/ufc-286-2746
e4bb7e483c4ad318,2023-03-18,Bryan Barberena,Gunnar Nelson,305,-400,6,/events/ufc-286-2746
e4bb7e483c4ad318,2023-03-18,Casey O'Neill,Jennifer Maia,-177,142,6,/events/ufc-286-2746
e4bb7e483c4ad318,2023-03-18,Marvin Vettori,Roman Dolidze,-250,202,6,/events/ufc-286-2746
e4bb7e483c4ad318,2023-03-18,Jack Shore,Makwan Amirkhani,-529,394,6,/events/ufc-286-2746
e4bb7e483c4ad318,2023-03-18,Chris Duncan,Omar Morales,-112,-108,6,/events/ufc-286-2746
e4bb7e483c4ad318,2023-03-18,Sam Patterson,Yanal Ashmoz,-292,225,6,/events/ufc-286-2746
e4bb7e483c4ad318,2023-03-18,Jafel Filho,Muhammad Mokaev,582,-874,6,/events/ufc-286-2746
e4bb7e483c4ad318,2023-03-18,Gabriel Santos.,Lerone Murphy,146,-180,6,/events/ufc-286-2746
e4bb7e483c4ad318,2023-03-18,Jake Hadley,Malcolm Gordon,-457,334,6,/events/ufc-286-2746
e4bb7e483c4ad318,2023-03-18,Christian Leroy Duncan,Durko Todorovir,-230,182,6,/events/ufc-286-2746
e4bb7e483c4ad318,2023-03-18,Joanne Wood,Luana Carolina,-180,147,6,/events/ufc-286-2746
e4bb7e483c4ad318,2023-03-18,Jai Herbert,Rudovit Klein,166,-207,6,/events/ufc-286-2746
e4bb7e483c4ad318,2023-03-18,Juliana Miller,Veronica Macedo,-424,321,6,/events/ufc-286-2746
3dc3022232b79c7a,2023-04-08,Gilbert Burns,Jorge Masvidal,-450,345,6,/events/ufc-287-2760
3dc3022232b79c7a,2023-04-08,Adrian Yanez,Rob Font,-175,141,6,/events/ufc-287-2760
3dc3022232b79c7a,2023-04-08,Kevin Holland,Santiago Ponzinibbio,-250,200,6,/events/ufc-287-2760
3dc3022232b79c7a,2023-04-08,Christian Rodriquez,Raul Rosas Jr,205,-260,6,/events/ufc-287-2760
3dc3022232b79c7a,2023-04-08,Chris Curtis,Kelvin Gastelum,110,-136,6,/events/ufc-287-2760
3dc3022232b79c7a,2023-04-08,Luana Pinheiro,Michelle Waterson,-157,130,6,/events/ufc-287-2760
3dc3022232b79c7a,2023-04-08,Gerald Meerschaert,Joe Pyfer,165,-202,6,/events/ufc-287-2760
3dc3022232b79c7a,2023-04-08,Chase Sherman,Karl Williams,329,-435,6,/events/ufc-287-2760
3dc3022232b79c7a,2023-04-08,Cynthia Calvillo,Lupita Godinez,210,-275,6,/events/ufc-287-2760
3dc3022232b79c7a,2023-04-08,Ignacio Bahamondes,Trey Ogden,-417,317,6,/events/ufc-287-2760
3dc3022232b79c7a,2023-04-08,Shayilan Nuerdanbieke,Steve Garcia,-180,150,6,/events/ufc-287-2760
3dc3022232b79c7a,2023-04-08,Jacqueline Amorim,Sam Hughes,-275,220,6,/events/ufc-287-2760
3dc3022232b79c7a,2023-04-08,Chase Sherman,Chris Barnett,-225,185,1,/events/ufc-287-2760
6fb1ba67bef41b37,2023-04-22,Jeremiah Wells,Matthew Semelsberger,105,-125,6,/events/ufc-fight-night-223-2770
6fb1ba67bef41b37,2023-04-22,Curtis Blaydes,Sergei Pavlovich,-133,108,6,/events/ufc-fight-night-223-2770
6fb1ba67bef41b37,2023-04-22,Brad Tavares,Bruno Silva,-166,137,6,/events/ufc-fight-night-223-2770
6fb1ba67bef41b37,2023-04-22,Bobby Green,Jared Gordon,-275,215,6,/events/ufc-fight-night-223-2770
6fb1ba67bef41b37,2023-04-22,Brogan Walker,Iasmin Lucindo,300,-387,6,/events/ufc-fight-night-223-2770
6fb1ba67bef41b37,2023-04-22,Christos Giagos,Ricky Glenn,139,-164,6,/events/ufc-fight-night-223-2770
6fb1ba67bef41b37,2023-04-22,Montel Jackson,Rani Yahya,-590,425,6,/events/ufc-fight-night-223-2770
6fb1ba67bef41b37,2023-04-22,Carlos Candelario,Rafael Estevam,220,-275,1,/events/ufc-fight-night-223-2770
6fb1ba67bef41b37,2023-04-22,Brogan Walker-Sanchez,Iasmin Lucindo,225,-275,1,/events/ufc-fight-night-223-2770
6fb1ba67bef41b37,2023-04-22,Karol Rosa,Norma Dumont,-105,-120,6,/events/ufc-fight-night-223-2770
6fb1ba67bef41b37,2023-04-22,Junior Tafa,Mohammed Usman,-116,-105,6,/events/ufc-fight-night-223-2770
6fb1ba67bef41b37,2023-04-22,Francis Marshall,William Gomis,-198,163,6,/events/ufc-fight-night-223-2770
6fb1ba67bef41b37,2023-04-22,Brady Hiestand,Danaa Batgerel,119,-149,6,/events/ufc-fight-night-223-2770
6fb1ba67bef41b37,2023-04-22,Karine Silva,Priscila Cachoeira,-195,157,6,/events/ufc-fight-night-223-2770
b6c6d1731ff00eeb,2023-06-10,Michel Pereira,Stephen Thompson,176,-230,1,/events/ufc-289-2830
b6c6d1731ff00eeb,2023-06-10,Dricus Du Plessis,Robert Whittaker,275,-385,3,/events/ufc-289-2830
b6c6d1731ff00eeb,2023-06-10,Amanda Nunes,Irene Aldana,-337,270,6,/events/ufc-289-2830
b6c6d1731ff00eeb,2023-06-10,Adam Fugitt,Mike Malott,180,-222,6,/events/ufc-289-2830
b6c6d1731ff00eeb,2023-06-10,Dan Ige,Nate Landwehr,-277,220,6,/events/ufc-289-2830
b6c6d1731ff00eeb,2023-06-10,Eryk Anders,Marc-Andre Barriault,134,-164,6,/events/ufc-289-2830
b6c6d1731ff00eeb,2023-06-10,Chris Curtis,Nassourdine Imavov,147,-186,6,/events/ufc-289-2830
b6c6d1731ff00eeb,2023-06-10,Jasmine Jasudavicius,Miranda Maverick,200,-250,6,/events/ufc-289-2830
b6c6d1731ff00eeb,2023-06-10,Aiemann Zahabi,Aori Qileng,-100,-122,6,/events/ufc-289-2830
b6c6d1731ff00eeb,2023-06-10,Blake Bilder,Kyle Nelson,-277,227,6,/events/ufc-289-2830
b6c6d1731ff00eeb,2023-06-10,David Dvorak,Stephen Erceg.,-300,240,6,/events/ufc-289-2830
b6c6d1731ff00eeb,2023-06-10,Diana Belbirr,Maria Oliveira,-141,116,6,/events/ufc-289-2830
b9415726dc3ec526,2023-06-17,Jared Cannonier,Marvin Vettori,105,-125,6,/events/ufc-fight-night-227-2849
b9415726dc3ec526,2023-06-17,Arman Tsarukyan,Joaquim Silva,-1156,687,6,/events/ufc-fight-night-227-2849
b9415726dc3ec526,2023-06-17,Armen Petrosyan,Christian Leroy Duncan,128,-157,6,/events/ufc-fight-night-227-2849
b9415726dc3ec526,2023-06-17,Lucas Almeida,Pat Sabatini,155,-190,6,/events/ufc-fight-night-227-2849
b9415726dc3ec526,2023-06-17,Manuel Torres,Nikolas Motta,-192,155,6,/events/ufc-fight-night-227-2849
b9415726dc3ec526,2023-06-17,Alessandro Costa,Jimmy Flick,-302,237,6,/events/ufc-fight-night-227-2849
b9415726dc3ec526,2023-06-17,Cristian Quinonez,Kang Kyung-Ho,-148,121,6,/events/ufc-fight-night-227-2849
b9415726dc3ec526,2023-06-17,Carlos Hernandez,Denys Bondar,118,-143,6,/events/ufc-fight-night-227-2849
b9415726dc3ec526,2023-06-17,Gabriella Fernandes,Tereza Bleda,194,-240,6,/events/ufc-fight-night-227-2849
b9415726dc3ec526,2023-06-17,Dan Argueta,Ronnie Lawrence,161,-197,6,/events/ufc-fight-night-227-2849
b9415726dc3ec526,2023-06-17,Modestas Bukauskas,Zac Pauga,-200,163,6,/events/ufc-fight-night-227-2849
a780d16cf7eed44d,2023-06-24,Punahele Soriano,Sedriques Dumas,-225,180,1,/events/ufc-fight-night-228-2848
a780d16cf7eed44d,2023-06-24,Trevor Peek,Victor Martinez,-275,220,1,/events/ufc-fight-night-228-2848
a780d16cf7eed44d,2023-06-24,Amanda Ribas,Maycee Barber,-200,160,6,/events/ufc-fight-night-228-2848
a780d16cf7eed44d,2023-06-24,Austen Lane,Justin Tafa,150,-190,6,/events/ufc-fight-night-228-2848
a780d16cf7eed44d,2023-06-24,David Onama,Gabriel Santos,182,-225,6,/events/ufc-fight-night-228-2848
a780d16cf7eed44d,2023-06-24,Brendan Allen,Bruno Silva,-220,177,6,/events/ufc-fight-night-228-2848
a780d16cf7eed44d,2023-06-24,Neil Magny,Philip Rowe,-176,142,6,/events/ufc-fight-night-228-2848
a780d16cf7eed44d,2023-06-24,Randy Brown,Wellington Turman,-255,198,6,/events/ufc-fight-night-228-2848
a780d16cf7eed44d,2023-06-24,Loik Radzhabov,Mateusz Rrbecki,108,-132,6,/events/ufc-fight-night-228-2848
a780d16cf7eed44d,2023-06-24,Gillian Robertson,Tabatha Ricci,106,-127,6,/events/ufc-fight-night-228-2848
a780d16cf7eed44d,2023-06-24,Joshua van,Zhalgas Zhumagulov,166,-210,6,/events/ufc-fight-night-228-2848
a780d16cf7eed44d,2023-06-24,Jose Mariscal,Trevor Peek,118,-143,6,/events/ufc-fight-night-228-2848
a780d16cf7eed44d,2023-06-24,Jack Jenkins,Jamall Emmers,157,-200,6,/events/ufc-fight-night-228-2848
a780d16cf7eed44d,2023-06-24,Cody Brundage,Sedriques Dumas,-149,125,6,/events/ufc-fight-night-228-2848
a780d16cf7eed44d,2023-06-24,Ilia Topuria,Josh Emmett,-380,290,6,/events/ufc-fight-night-228-2848
a780d16cf7eed44d,2023-06-24,Muslim Salikhov,Nicolas Dalby,-185,149,6,/events/ufc-fight-night-228-2848
e9e1acc96536bb4f,2023-07-01,Abusupiyan Magomedov,Sean Strickland,125,-151,6,/events/ufc-fight-night-2937
e9e1acc96536bb4f,2023-07-01,Damir Ismagulov,Grant Dawson,-125,102,6,/events/ufc-fight-night-2937
e9e1acc96536bb4f,2023-07-01,Max Griffin,Michael Morales,205,-257,6,/events/ufc-fight-night-2937
e9e1acc96536bb4f,2023-07-01,Ariane Lipski,Melissa Gatto,195,-242,6,/events/ufc-fight-night-2937
6085ceb59087514b,2023-07-08,Alex Volkanovski,Yair Rodriguez,-387,300,6,/events/ufc-2921
6085ceb59087514b,2023-07-08,Alexandre Pantoja,Brandon Moreno,164,-199,6,/events/ufc-2921
6085ceb59087514b,2023-07-08,Dricus Du Plessis,Robert Whittaker,275,-355,6,/events/ufc-2921
6085ceb59087514b,2023-07-08,Dan Hooker,Jalin Turner,240,-300,6,/events/ufc-2921
6085ceb59087514b,2023-07-08,Bo Nickal,Val Woodburn,-1667,924,6,/events/ufc-2921
6085ceb59087514b,2023-07-08,Niko Price,Robbie Lawler,-225,182,6,/events/ufc-2921
6085ceb59087514b,2023-07-08,Edgar Chairez,Tatsuro Taira,600,-953,6,/events/ufc-2921
6085ceb59087514b,2023-07-08,Denise Gomes,Yazmin Jauregui,300,-377,6,/events/ufc-2921
6085ceb59087514b,2023-07-08,Alonzo Menifield,Jimmy Crute,119,-146,6,/events/ufc-2921
c9885b1b7c7055a0,2023-07-15,Holly Holm,Mayra Bueno Silva,-175,142,6,/events/ufc-fight-night-225-2891
c9885b1b7c7055a0,2023-07-15,Bassil Hafez,Jack Della Maddalena,422,-590,6,/events/ufc-fight-night-225-2891
c9885b1b7c7055a0,2023-07-15,Francisco Prado,Ottman Azaitar,-118,-105,6,/events/ufc-fight-night-225-2891
c9885b1b7c7055a0,2023-07-15,Albert Duraev,Jun Yong Park,127,-155,6,/events/ufc-fight-night-225-2891
c9885b1b7c7055a0,2023-07-15,Chelsea Chandler,Norma Dumont,120,-145,6,/events/ufc-fight-night-225-2891
c9885b1b7c7055a0,2023-07-15,Nazim Sadykhov,Terrance McKinney,-152,124,6,/events/ufc-fight-night-225-2891
c9885b1b7c7055a0,2023-07-15,Melsik Baghdasaryan,Tucker Lutz,-157,125,6,/events/ufc-fight-night-225-2891
c9885b1b7c7055a0,2023-07-15,Istela Nunes,Viktoriia Dudakova,159,-197,6,/events/ufc-fight-night-225-2891
c9885b1b7c7055a0,2023-07-15,Austin Lingo,Melquizael Costa,191,-242,6,/events/ufc-fight-night-225-2891
c9885b1b7c7055a0,2023-07-15,Evan Elder,Genaro Valdez,-315,242,6,/events/ufc-fight-night-225-2891
c9885b1b7c7055a0,2023-07-15,Azat Maksum,Tyson Nam,-402,305,6,/events/ufc-fight-night-225-2891
c9885b1b7c7055a0,2023-07-15,Alexander Munoz,Carl Deaton,-230,180,6,/events/ufc-fight-night-225-2891
c9885b1b7c7055a0,2023-07-15,Ailin Perez,Ashlee Evans-Smith,-260,205,6,/events/ufc-fight-night-225-2891
ccd58ff71e260ed5,2023-07-29,Matthew Semelsberger,Uror Medir,-215,175,7,/events/ufc-291-2900
ccd58ff71e260ed5,2023-07-29,Miranda Maverick,Priscila Cachoeira,-286,230,7,/events/ufc-291-2900
6f81b6de2557739a,2023-08-05,Billy Quarantillo,Damon Jackson,-165,136,7,/events/ufc-fight-night-sandhagen-vs-nurmagomedov-2936
6f81b6de2557739a,2023-08-05,Cody Durden,Jake Hadley,170,-215,7,/events/ufc-fight-night-sandhagen-vs-nurmagomedov-2936
6f81b6de2557739a,2023-08-05,Dennis Buzukia,Sean Woodson,150,-185,7,/events/ufc-fight-night-sandhagen-vs-nurmagomedov-2936
6f81b6de2557739a,2023-08-05,Asu Almabayev,Ode' Osbourne,-200,163,7,/events/ufc-fight-night-sandhagen-vs-nurmagomedov-2936
6f81b6de2557739a,2023-08-05,Jesse Butler,Sean Woodson,360,-500,1,/events/ufc-fight-night-sandhagen-vs-nurmagomedov-2936
2719f300b0439039,2023-08-19,Aljamain Sterling,Sean Omalley,-258,210,7,/events/ufc-2990
2719f300b0439039,2023-08-19,Amanda Lemos,Zhang Weili,260,-335,7,/events/ufc-2990
2719f300b0439039,2023-08-19,Ian Garry,Neil Magny,-500,375,7,/events/ufc-2990
2719f300b0439039,2023-08-19,Da'mon Blackshear,Mario Bautista,180,-220,7,/events/ufc-2990
2719f300b0439039,2023-08-19,Marlon Vera,Pedro Munhoz,-185,154,7,/events/ufc-2990
2719f300b0439039,2023-08-19,Brad Tavares,Chris Weidman,-230,190,7,/events/ufc-2990
2719f300b0439039,2023-08-19,Denis Tiuliulin,Gregory Rodrigues,300,-380,7,/events/ufc-2990
2719f300b0439039,2023-08-19,Austin Hubbard,Kurt Holobaugh,-172,144,7,/events/ufc-2990
2719f300b0439039,2023-08-19,Brad Katona,Cody Gibson,-182,150,7,/events/ufc-2990
ece280745f8727b8,2023-09-09,Israel Adesanya,Sean Strickland,-650,460,7,/events/ufc-293-2925
ece280745f8727b8,2023-09-09,Alexander Volkov,Tai Tuivasa,-230,180,7,/events/ufc-293-2925
ece280745f8727b8,2023-09-09,Felipe Dos Santos,Manel Kape,325,-420,7,/events/ufc-293-2925
ece280745f8727b8,2023-09-09,Austen Lane,Justin Tafa,165,-200,7,/events/ufc-293-2925
ece280745f8727b8,2023-09-09,Anton Turkalj,Tyson Pedro,-124,105,7,/events/ufc-293-2925
ece280745f8727b8,2023-09-09,Carlos Ulberg,Da Woon Jung,-320,250,5,/events/ufc-293-2925
ece280745f8727b8,2023-09-09,Carlos Ulberg,Da Un Jung,-315,245,2,/events/ufc-293-2925
ece280745f8727b8,2023-09-09,Jack Jenkins,Jose Mariscal,-210,165,4,/events/ufc-293-2925
ece280745f8727b8,2023-09-09,Chepe Mariscal,Jack Jenkins,185,-225,3,/events/ufc-293-2925
ece280745f8727b8,2023-09-09,Jamie Mullarkey,John Makdessi,-298,230,7,/events/ufc-293-2925
ece280745f8727b8,2023-09-09,Landon Quinones,Nasrat Haqparast,370,-500,7,/events/ufc-293-2925
8fa2b06572365321,2023-09-16,Alex Reyes,Charlie Campbell,390,-530,7,/events/ufc-fight-night-grasso-vs-shevchenko-2-2951
8fa2b06572365321,2023-09-16,Josefine Knutsson,Marnic Mann,-750,525,7,/events/ufc-fight-night-grasso-vs-shevchenko-2-2951
8fa2b06572365321,2023-09-16,Alex Reyes,Natan Levy,280,-375,1,/events/ufc-fight-night-grasso-vs-shevchenko-2-2951
8fa2b06572365321,2023-09-16,Iasmin Lucindo,Josefine Knutsson,-210,175,1,/events/ufc-fight-night-grasso-vs-shevchenko-2-2951
c945adc22c2bfe8f,2023-09-23,Mateusz Gamrot,Rafael Fiziev,120,-142,7,/events/ufc-on-espn-53-2967
c945adc22c2bfe8f,2023-09-23,Bryce Mitchell,Dan Ige,-210,170,7,/events/ufc-on-espn-53-2967
c945adc22c2bfe8f,2023-09-23,Marina Rodriguez,Michelle Waterson Gomez,-360,260,7,/events/ufc-on-espn-53-2967
c945adc22c2bfe8f,2023-09-23,Aj Fletcher,Bryan Battle,163,-205,7,/events/ufc-on-espn-53-2967
c945adc22c2bfe8f,2023-09-23,Charles Jourdain,Ricardo Ramos,-145,118,7,/events/ufc-on-espn-53-2967
c945adc22c2bfe8f,2023-09-23,Dan Argueta,Miles Johns,-180,144,7,/events/ufc-on-espn-53-2967
c945adc22c2bfe8f,2023-09-23,Andre Fialho,Tim Means,-166,135,7,/events/ufc-on-espn-53-2967
c945adc22c2bfe8f,2023-09-23,Cody Brundage,Jacob Malkoun,420,-600,7,/events/ufc-on-espn-53-2967
c945adc22c2bfe8f,2023-09-23,Jake Collier,Mohammed Usman,102,-125,7,/events/ufc-on-espn-53-2967
c945adc22c2bfe8f,2023-09-23,Hannah Goldy,Mizuki Inoue,265,-350,7,/events/ufc-on-espn-53-2967
c945adc22c2bfe8f,2023-09-23,Montserrat Rendon,Tamires Vidal,205,-260,7,/events/ufc-on-espn-53-2967
c8a49ff2acb6f3c5,2023-10-07,Bobby Green,Grant Dawson,380,-490,7,/events/ufc-3034
c8a49ff2acb6f3c5,2023-10-07,Abdul Razak Alhassan,Joe Pfyer,300,-400,7,/events/ufc-3034
c8a49ff2acb6f3c5,2023-10-07,Alex Morono,Joaquin Buckley,145,-177,7,/events/ufc-3034
f3a078277b3b8ff4,2023-10-14,Andre Petroski,Michel Pereira,165,-200,7,/events/ufc-fight-night-3052
f3a078277b3b8ff4,2023-10-14,Daniel Lacerda,Edgar Chairez,280,-375,1,/events/ufc-fight-night-3052
f3a078277b3b8ff4,2023-10-14,Cameron Saaiman,Christian Rodriguez,114,-135,7,/events/ufc-fight-night-3052
f3a078277b3b8ff4,2023-10-14,Darren Elkins,Tj Brown,164,-195,7,/events/ufc-fight-night-3052
f3a078277b3b8ff4,2023-10-14,Ravena Oliveira,Tainara Lisboa,250,-335,7,/events/ufc-fight-night-3052
f3a078277b3b8ff4,2023-10-14,Marc Andre Barriault,Michel Pereira,115,-140,1,/events/ufc-fight-night-3052
f3a078277b3b8ff4,2023-10-14,Brendan Marotte,Terrance McKinney,410,-560,7,/events/ufc-fight-night-3052
f3a078277b3b8ff4,2023-10-14,Irina Alekseeva,Melissa Dixon,107,-132,7,/events/ufc-fight-night-3052
f3a078277b3b8ff4,2023-10-14,Chris Gutierrez,Heili Alateng,-275,225,7,/events/ufc-fight-night-3052
f3a078277b3b8ff4,2023-10-14,Ashley Yoder,Emily Ducote,300,-400,7,/events/ufc-fight-night-3052
13a0fb8fbdafb54f,2023-10-21,Kamaru Usman,Khamzat Chimaev,275,-350,7,/events/ufc-294-2908
13a0fb8fbdafb54f,2023-10-21,Charles Oliveira,Islam Makhachev,260,-350,1,/events/ufc-294-2908
13a0fb8fbdafb54f,2023-10-21,Alexander Volkanovski,Islam Makhachev,205,-250,7,/events/ufc-294-2908
13a0fb8fbdafb54f,2023-10-21,Johnny Walker,Magomed Ankalaev,285,-375,7,/events/ufc-294-2908
13a0fb8fbdafb54f,2023-10-21,Ikram Aliskerov,Warlley Alves,-625,460,7,/events/ufc-294-2908
13a0fb8fbdafb54f,2023-10-21,Muin Gafurov,Said Nurmagomedov,265,-340,7,/events/ufc-294-2908
13a0fb8fbdafb54f,2023-10-21,Muhammad Mokaev,Tim Elliott,-450,330,7,/events/ufc-294-2908
13a0fb8fbdafb54f,2023-10-21,Mohammad Yahya,Trevor Peek,155,-195,7,/events/ufc-294-2908
13a0fb8fbdafb54f,2023-10-21,Javid Basharat,Victor Henry,-590,425,7,/events/ufc-294-2908
13a0fb8fbdafb54f,2023-10-21,Abu Azaitar,Sedriques Dumas,195,-250,7,/events/ufc-294-2908
13a0fb8fbdafb54f,2023-10-21,Anshul Jubli,Mike Breeden,-275,220,7,/events/ufc-294-2908
13a0fb8fbdafb54f,2023-10-21,Jinh Yu Frey,Viktoriia Dudakova,400,-550,7,/events/ufc-294-2908
13a0fb8fbdafb54f,2023-10-21,Muhammad Naimov,Nathaniel Wood,260,-350,7,/events/ufc-294-2908
13a0fb8fbdafb54f,2023-10-21,Bruno Silva,Sharapudin Magomedov,290,-360,7,/events/ufc-294-2908
7c4ec656d8fcb867,2023-11-04,Elves Brener,Esteban Ribovics,-160,130,1,/events/ufc-2988
7c4ec656d8fcb867,2023-11-04,Derrick Lewis,Jailton Almeida,350,-500,7,/events/ufc-2988
7c4ec656d8fcb867,2023-11-04,Gabriel Bonfim,Nicolas Dalby,-625,450,7,/events/ufc-2988
7c4ec656d8fcb867,2023-11-04,Don'tale Mayes,Rodrigo Nascimento,168,-200,7,/events/ufc-2988
7c4ec656d8fcb867,2023-11-04,Abus Magomedov,Caio Borralho,240,-300,7,/events/ufc-2988
7c4ec656d8fcb867,2023-11-04,Armen Petrosyan,Rodolfo Vieira,-110,-110,7,/events/ufc-2988
7c4ec656d8fcb867,2023-11-04,Elves Brener,Kaynan Kruschewsky,-240,195,7,/events/ufc-2988
7c4ec656d8fcb867,2023-11-04,Elizeu Zaleski Dos Santos,Rinat Fakhretdinov,275,-375,7,/events/ufc-2988
5a558ba1ff5e9121,2023-11-11,Jon Jones,Stipe Miocic,-375,290,1,/events/ufc-3004
5a558ba1ff5e9121,2023-11-11,Alex Pereira,Jiri Prochazka,-120,-105,7,/events/ufc-3004
5a558ba1ff5e9121,2023-11-11,Sergei Pavlovich,Tom Aspinall,-105,-115,7,/events/ufc-3004
5a558ba1ff5e9121,2023-11-11,Jessica Andrade,Mackenzie Dern,200,-250,7,/events/ufc-3004
5a558ba1ff5e9121,2023-11-11,Benoit Saint-Denis,Matt Frevola,-238,194,7,/events/ufc-3004
5a558ba1ff5e9121,2023-11-11,Diego Lopes,Pat Sabatini,-105,-118,7,/events/ufc-3004
5a558ba1ff5e9121,2023-11-11,Alessandro Costa,Stephen Erceg,175,-215,7,/events/ufc-3004
5a558ba1ff5e9121,2023-11-11,Loopy Godinez,Tabatha Ricci,-210,175,7,/events/ufc-3004
5a558ba1ff5e9121,2023-11-11,Mateusz Rebecki,Roosevelt Roberts,-800,525,7,/events/ufc-3004
5a558ba1ff5e9121,2023-11-11,Nazim Sadykhov,Viacheslav Borshchev,-164,130,7,/events/ufc-3004
5a558ba1ff5e9121,2023-11-11,Jared Gordon,Mark Madsen,-225,185,7,/events/ufc-3004
5a558ba1ff5e9121,2023-11-11,John Castaneda,Kyung Ho Kang,-125,102,7,/events/ufc-3004
3feed7d02711d8b7,2023-11-18,Brendan Allen,Paul Craig,-450,330,7,/events/ufc-3105
3feed7d02711d8b7,2023-11-18,Jake Matthews,Michael Morales,260,-335,7,/events/ufc-3105
3feed7d02711d8b7,2023-11-18,Chase Hooper,Jordan Leavitt,-205,165,7,/events/ufc-3105
3feed7d02711d8b7,2023-11-18,Nick Aguirre,Payton Talbott,525,-800,7,/events/ufc-3105
3feed7d02711d8b7,2023-11-18,Jonny Parsons,Uros Medic,185,-225,1,/events/ufc-3105
3feed7d02711d8b7,2023-11-18,Amanda Ribas,Luana Pinheiro,-240,190,7,/events/ufc-3105
3feed7d02711d8b7,2023-11-18,Myktybek Orolbai,Uros Medic,-114,-106,7,/events/ufc-3105
3feed7d02711d8b7,2023-11-18,Joanderson Brito,Jonathan Pearce,110,-135,7,/events/ufc-3105
3feed7d02711d8b7,2023-11-18,Chad Anheliger,Jose Johnson,164,-205,7,/events/ufc-3105
3feed7d02711d8b7,2023-11-18,Christian Leroy Duncan,Denis Tiuliulin,-600,425,7,/events/ufc-3105
3feed7d02711d8b7,2023-11-18,Caio Machado,Mick Parkin,290,-400,7,/events/ufc-3105
3feed7d02711d8b7,2023-11-18,Jeka Saragih,Lucas Alexander,400,-560,7,/events/ufc-3105
3feed7d02711d8b7,2023-11-18,Ailin Perez,Lucie Pudilova,-190,160,7,/events/ufc-3105
3feed7d02711d8b7,2023-11-18,Nikolas Motta,Trey Ogden,-135,110,7,/events/ufc-3105
3feed7d02711d8b7,2023-11-18,Charles Johnson,Rafael Estevam,120,-150,7,/events/ufc-3105
53e4e21f4c688801,2023-12-02,Arman Tsarukyan,Beneil Dariush,-280,225,7,/events/ufc-3057
53e4e21f4c688801,2023-12-02,Bobby Green,Jalin Turner,145,-182,7,/events/ufc-3057
53e4e21f4c688801,2023-12-02,Deiveson Figueiredo,Rob Font,104,-129,7,/events/ufc-3057
53e4e21f4c688801,2023-12-02,Kelvin Gastelum,Sean Brady,-102,-116,7,/events/ufc-3057
53e4e21f4c688801,2023-12-02,Clay Guida,Joaquim Silva,260,-335,7,/events/ufc-3057
53e4e21f4c688801,2023-12-02,Dustin Stoltzfus,Punahele Soriano,275,-360,7,/events/ufc-3057
5ef0088c1b19beeb,2023-12-09,Anthony Smith,Khalil Rountree,164,-200,7,/events/ufc-3133
5ef0088c1b19beeb,2023-12-09,Chris Gutierrez,Song Yadong,295,-375,7,/events/ufc-3133
5ef0088c1b19beeb,2023-12-09,Jamie Mullarkey,Nasrat Haqparast,164,-196,7,/events/ufc-3133
5ef0088c1b19beeb,2023-12-09,Su Mudaerji,Tim Elliott,130,-157,7,/events/ufc-3133
5ef0088c1b19beeb,2023-12-09,Andre Muniz,Jun Yong Park,160,-198,7,/events/ufc-3133
5ef0088c1b19beeb,2023-12-09,Kenan Song,Kevin Jousset,130,-160,7,/events/ufc-3133
5ef0088c1b19beeb,2023-12-09,Park Hyun-Sung,Shannon Ross,-670,460,7,/events/ufc-3133
5ef0088c1b19beeb,2023-12-09,Melquizael Costa,Steve Garcia,-275,210,7,/events/ufc-3133
5ef0088c1b19beeb,2023-12-09,Luana Santos,Stephanie Egger,-152,128,7,/events/ufc-3133
5ef0088c1b19beeb,2023-12-09,Carlos Hernandez,Tatsuro Taira,425,-625,7,/events/ufc-3133
5ef0088c1b19beeb,2023-12-09,Rayanne Dos Santos,Talita Alencar,-163,133,7,/events/ufc-3133
a8e8587a06e73c87,2023-12-16,Alexandre Pantoja,Brandon Royval,-220,172,7,/events/ufc-3053
a8e8587a06e73c87,2023-12-16,Shavkat Rakhmonov,Stephen Thompson,-625,460,7,/events/ufc-3053
a8e8587a06e73c87,2023-12-16,Paddy Pimblett,Tony Ferguson,-320,260,7,/events/ufc-3053
a8e8587a06e73c87,2023-12-16,Bryce Mitchell,Josh Emmett,-258,210,7,/events/ufc-3053
a8e8587a06e73c87,2023-12-16,Alonzo Menifield,Dustin Jacoby,215,-275,7,/events/ufc-3053
a8e8587a06e73c87,2023-12-16,Irene Aldana,Karol Rosa,-186,150,7,/events/ufc-3053
a8e8587a06e73c87,2023-12-16,Brian Kelleher,Cody Garbrandt,158,-192,7,/events/ufc-3053
a8e8587a06e73c87,2023-12-16,Ariane Lipski,Casey O'Neill,155,-190,7,/events/ufc-3053
a8e8587a06e73c87,2023-12-16,Cody Durden,Tagir Ulanbekov,140,-175,7,/events/ufc-3053
a8e8587a06e73c87,2023-12-16,Andre Fili,Lucas Almeida,-175,143,7,/events/ufc-3053
a8e8587a06e73c87,2023-12-16,Colby Covington,Leon Edwards,135,-162,7,/events/ufc-3053
bd85ca0bb4f26cfc,2024-01-20,Dricus Du Plessis,Sean Strickland,-112,-108,7,/events/ufc-297-3106
bd85ca0bb4f26cfc,2024-01-20,Mayra Bueno Silva,Raquel Pennington,-164,138,7,/events/ufc-297-3106
bd85ca0bb4f26cfc,2024-01-20,Mike Malott,Neil Magny,-380,300,7,/events/ufc-297-3106
bd85ca0bb4f26cfc,2024-01-20,Chris Curtis,Marc-Andre Barriault,-188,150,7,/events/ufc-297-3106
bd85ca0bb4f26cfc,2024-01-20,Arnold Allen,Movsar Evloev,160,-200,7,/events/ufc-297-3106
bd85ca0bb4f26cfc,2024-01-20,Brad Katona,Garrett Armfield,-215,176,7,/events/ufc-297-3106
bd85ca0bb4f26cfc,2024-01-20,Charles Jourdain,Sean Woodson,-210,170,7,/events/ufc-297-3106
bd85ca0bb4f26cfc,2024-01-20,Ramon Taveras,Serhiy Sidey,155,-190,7,/events/ufc-297-3106
bd85ca0bb4f26cfc,2024-01-20,Gillian Robertson,Polyana Viana,-305,235,7,/events/ufc-297-3106
bd85ca0bb4f26cfc,2024-01-20,Sam Patterson,Yohan Lainesse,120,-145,7,/events/ufc-297-3106
bd85ca0bb4f26cfc,2024-01-20,Jasmine Jasudavicius,Priscila Cachoeira,-420,310,7,/events/ufc-297-3106
cce79e827569f26e,2024-02-03,Nassourdine Imavov,Roman Dolidze,-170,140,7,/events/ufc-fight-night-3160
cce79e827569f26e,2024-02-03,Drew Dober,Renato Moicano,160,-195,7,/events/ufc-fight-night-3160
cce79e827569f26e,2024-02-03,Muslim Salikhov,Randy Brown,220,-275,7,/events/ufc-fight-night-3160
cce79e827569f26e,2024-02-03,Natalia Silva,Viviane Araujo,-350,270,7,/events/ufc-fight-night-3160
cce79e827569f26e,2024-02-03,Aliaskhab Khizriev,Makhmud Muradov,-162,130,7,/events/ufc-fight-night-3160
cce79e827569f26e,2024-02-03,Charles Radtke,Gilbert Urbina,170,-215,7,/events/ufc-fight-night-3160
eaea0fc7b76525a8,2024-02-10,Bolaji Oki,Timothy Cuamba,-180,150,7,/events/ufc-3163
eaea0fc7b76525a8,2024-02-10,Bruna Brasil,Loma Lookboonmee,240,-315,7,/events/ufc-3163
eaea0fc7b76525a8,2024-02-10,Devin Clark,Marcin Prachnio,-225,180,7,/events/ufc-3163
eaea0fc7b76525a8,2024-02-10,Jeremiah Wells,Max Griffin,-164,138,7,/events/ufc-3163
eaea0fc7b76525a8,2024-02-10,Bogdan Guskov,Zac Pauga,115,-135,7,/events/ufc-3163
eaea0fc7b76525a8,2024-02-10,Fernie Garcia,Hyder Amil,180,-220,7,/events/ufc-3163
eaea0fc7b76525a8,2024-02-10,Daniel Marcos,Qileng Aori,-275,210,3,/events/ufc-3163
eaea0fc7b76525a8,2024-02-10,Aori Qileng,Daniel Marcos,237,-294,4,/events/ufc-3163
dab0e6cb8c932162,2024-02-17,Marcin Tybura,Tai Tuivasa,102,-127,5,/events/ufc-298-3112
dab0e6cb8c932162,2024-02-17,Alex Volkanovski,Alexsandre Topuria,-140,120,7,/events/ufc-298-3112
dab0e6cb8c932162,2024-02-17,Paulo Costa,Robert Whittaker,175,-225,7,/events/ufc-298-3112
dab0e6cb8c932162,2024-02-17,Geoff Neal,Ian Machado Garry,200,-250,7,/events/ufc-298-3112
dab0e6cb8c932162,2024-02-17,Henry Cejudo,Merab Dvalishvili,240,-298,7,/events/ufc-298-3112
dab0e6cb8c932162,2024-02-17,Anthony Hernandez,Roman Kopylov,-218,180,7,/events/ufc-298-3112
dab0e6cb8c932162,2024-02-17,Amanda Lemos,Mackenzie Dern,-158,130,7,/events/ufc-298-3112
dab0e6cb8c932162,2024-02-17,Justin Tafa,Marcos Rogerio de Lima,185,-225,7,/events/ufc-298-3112
dab0e6cb8c932162,2024-02-17,Carlos Vera,Rinya Nakamura,775,-1400,7,/events/ufc-298-3112
dab0e6cb8c932162,2024-02-17,Brendson Ribeiro,Zhang Mingyang,-105,-115,7,/events/ufc-298-3112
dab0e6cb8c932162,2024-02-17,Danny Barlow,Josh Quinlan,-200,164,7,/events/ufc-298-3112
dab0e6cb8c932162,2024-02-17,Oban Elliott,Val Woodburn,-360,290,7,/events/ufc-298-3112
902ab9197b83d0db,2024-02-24,Raul Rosas Jr,Ricky Turcios,-245,195,7,/events/ufc-3162
902ab9197b83d0db,2024-02-24,Brandon Moreno,Brandon Royval,-330,260,7,/events/ufc-3162
902ab9197b83d0db,2024-02-24,Brian Ortega,Yair Rodriguez,140,-166,7,/events/ufc-3162
902ab9197b83d0db,2024-02-24,Daniel Zellhuber,Francisco Prado,-305,240,7,/events/ufc-3162
902ab9197b83d0db,2024-02-24,Sam Hughes,Yazmin Jauregui,500,-700,7,/events/ufc-3162
902ab9197b83d0db,2024-02-24,Chris Duncan,Manuel Torres,150,-190,7,/events/ufc-3162
902ab9197b83d0db,2024-02-24,Christian Quinonez,Raoni Barcelos,135,-165,7,/events/ufc-3162
902ab9197b83d0db,2024-02-24,Jesus Santos Aguilar,Mateus Mendonca,108,-130,7,/events/ufc-3162
902ab9197b83d0db,2024-02-24,Daniel da Silva,Edgar Chairez,380,-500,1,/events/ufc-3162
902ab9197b83d0db,2024-02-24,Daniel Lacerda,Edgar Chairez,377,-500,6,/events/ufc-3162
902ab9197b83d0db,2024-02-24,Claudio Puelles,Fares Ziam,170,-210,7,/events/ufc-3162
902ab9197b83d0db,2024-02-24,Denys Bondar,Luis Rodriguez,-100,-121,7,/events/ufc-3162
902ab9197b83d0db,2024-02-24,Felipe Dos Santos,Victor Altamirano,-300,240,7,/events/ufc-3162
902ab9197b83d0db,2024-02-24,Erik Silva,Muhammad Naimov,420,-560,7,/events/ufc-3162
a9df5ae20a97b090,2024-03-09,Marlon Vera,Sean O'Malley,210,-275,7,/events/ufc-299-3155
a9df5ae20a97b090,2024-03-09,Benoit Saint-Denis,Dustin Poirier,-220,175,7,/events/ufc-299-3155
a9df5ae20a97b090,2024-03-09,Kevin Holland,Michael Page,-139,114,7,/events/ufc-299-3155
a9df5ae20a97b090,2024-03-09,Gilbert Burns,Jack Della Maddalena,135,-160,7,/events/ufc-299-3155
a9df5ae20a97b090,2024-03-09,Petr Yan,Song Yadong,-167,140,7,/events/ufc-299-3155
a9df5ae20a97b090,2024-03-09,Curtis Blaydes,Jailton Almeida,114,-141,7,/events/ufc-299-3155
a9df5ae20a97b090,2024-03-09,Katlyn Cerminara,Maycee Barber,150,-185,3,/events/ufc-299-3155
a9df5ae20a97b090,2024-03-09,Katlyn Chookagian,Maycee Barber,165,-205,5,/events/ufc-299-3155
a9df5ae20a97b090,2024-03-09,Mateusz Gamrot,Rafael Dos Anjos,-485,360,7,/events/ufc-299-3155
a9df5ae20a97b090,2024-03-09,Kyler Phillips,Pedro Munhoz,-225,185,7,/events/ufc-299-3155
a9df5ae20a97b090,2024-03-09,Ion Cutelaba,Philipe Lins,-140,116,7,/events/ufc-299-3155
a9df5ae20a97b090,2024-03-09,Michal Oleksiejczuk,Michel Pereira,130,-155,7,/events/ufc-299-3155
a9df5ae20a97b090,2024-03-09,Josh Parisian,Robelis Despaigne,300,-375,7,/events/ufc-299-3155
c398235fcaf8d71d,2024-03-16,Macy Chiasson,Pannie Kianzad,-250,200,7,/events/ufc-3192
c398235fcaf8d71d,2024-03-16,Bryan Barberena,Gerald Meerschaert,200,-250,7,/events/ufc-3192
c398235fcaf8d71d,2024-03-16,Mike Davis,Natan Levy,-500,370,7,/events/ufc-3192
c398235fcaf8d71d,2024-03-16,Chelsea Chandler,Josiane Nunes,130,-160,7,/events/ufc-3192
c398235fcaf8d71d,2024-03-16,Jafel Filho,Ode Osbourne,-175,145,7,/events/ufc-3192
c398235fcaf8d71d,2024-03-16,Danny Silva,Josh Culibao,165,-200,7,/events/ufc-3192
c398235fcaf8d71d,2024-03-16,Cory McKenna,Jaqueline Amorim,-160,130,7,/events/ufc-3192
c398235fcaf8d71d,2024-03-16,Mitch Ramirez,Thiago Moises,260,-340,7,/events/ufc-3192
c398235fcaf8d71d,2024-03-16,Chad Anheliger,Charalampos Grigoriou,140,-175,7,/events/ufc-3192
79ff6545b0abc685,2024-03-23,Amanda Ribas,Rose Namajunas,180,-220,7,/events/ufc-3174
79ff6545b0abc685,2024-03-23,Justin Tafa,Karl Williams,160,-190,7,/events/ufc-3174
79ff6545b0abc685,2024-03-23,Aj Dobson,Edmen Shahbazyan,160,-200,7,/events/ufc-3174
79ff6545b0abc685,2024-03-23,Cameron Saaiman,Payton Talbott,135,-167,7,/events/ufc-3174
79ff6545b0abc685,2024-03-23,Billy Quartantillo,Youssef Zalal,110,-130,7,/events/ufc-3174
79ff6545b0abc685,2024-03-23,Fernando Padilla,Luis Pajuelo,-180,150,7,/events/ufc-3174
79ff6545b0abc685,2024-03-23,Kurt Holobaugh,Trey Ogden,110,-130,7,/events/ufc-3174
79ff6545b0abc685,2024-03-23,Julian Erosa,Ricardo Ramos,143,-176,7,/events/ufc-3174
79ff6545b0abc685,2024-03-23,Cody Gibson,Miles Johns,120,-142,7,/events/ufc-3174
79ff6545b0abc685,2024-03-23,Jarno Errens,Steven Nguyen,136,-162,7,/events/ufc-3174
79ff6545b0abc685,2024-03-23,Darya Zheleznyakova,Montserrat Rendon,-275,210,7,/events/ufc-3174
dba230fe33011201,2024-03-30,Andre Petroski,Jacob Malkoun,195,-245,7,/events/ufc-3225
dba230fe33011201,2024-03-30,Angel Pacheco,Caolan Loughran,380,-530,7,/events/ufc-3225
6750e338922a099d,2024-04-13,Alex Pereira,Jamahal Hill,-137,110,7,/events/ufc-300-3205
6750e338922a099d,2024-04-13,Yan Xiaonan,Zhang Weili,390,-550,7,/events/ufc-300-3205
6750e338922a099d,2024-04-13,Justin Gaethje,Max Holloway,-190,155,7,/events/ufc-300-3205
6750e338922a099d,2024-04-13,Arman Tsarukyan,Charles Oliveira,-200,165,7,/events/ufc-300-3205
6750e338922a099d,2024-04-13,Bo Nickal,Cody Brundage,-1500,850,7,/events/ufc-300-3205
6750e338922a099d,2024-04-13,Aleksandar Rakic,Jiri Prochazka,-120,-100,7,/events/ufc-300-3205
6750e338922a099d,2024-04-13,Aljamain Sterling,Calvin Kattar,-185,154,7,/events/ufc-300-3205
6750e338922a099d,2024-04-13,Holly Holm,Kayla Harrison,340,-450,7,/events/ufc-300-3205
6750e338922a099d,2024-04-13,Diego Lopes,Sodiq Yusuff,-155,125,7,/events/ufc-300-3205
a16ce18149021139,2024-04-27,David Onama,Jonathan Pearce,134,-158,7,/events/ufc-3252
a16ce18149021139,2024-04-27,Tim Means,Uros Medic,220,-278,7,/events/ufc-3252
a16ce18149021139,2024-04-27,Rani Yahya,Victor Henry,325,-450,7,/events/ufc-3252
a16ce18149021139,2024-04-27,Austin Hubbard,Michal Figlak,150,-180,7,/events/ufc-3252
a16ce18149021139,2024-04-27,Caio Machado,Don'tale Mayes,-140,115,7,/events/ufc-3252
a16ce18149021139,2024-04-27,Ketlen Souza,Marnic Mann,-360,280,7,/events/ufc-3252
a16ce18149021139,2024-04-27,Chris Padilla,James Llontop,340,-455,7,/events/ufc-3252
a16ce18149021139,2024-04-27,Ivana Petrovic,Na Liang,-500,360,7,/events/ufc-3252
a16ce18149021139,2024-04-27,Gabriel Benitez,Maheshate,200,-250,7,/events/ufc-3252
981ab7a0576f76a0,2024-05-04,Alexandre Pantoja,Steve Erceg,-185,150,7,/events/ufc-3271
981ab7a0576f76a0,2024-05-04,Jonathan Martinez,Jose Aldo,-165,135,7,/events/ufc-3271
981ab7a0576f76a0,2024-05-04,Anthony Smith,Vitor Petrino,380,-530,7,/events/ufc-3271
981ab7a0576f76a0,2024-05-04,Ihor Potieria,Michel Pereira,425,-590,7,/events/ufc-3271
981ab7a0576f76a0,2024-05-04,Caio Borralho,Paul Craig,-590,430,7,/events/ufc-3271
981ab7a0576f76a0,2024-05-04,Jack Shore,Joanderson Brito,175,-210,7,/events/ufc-3271
981ab7a0576f76a0,2024-05-04,Iasmin Lucindo,Karolina Kowalkiewicz,-375,290,7,/events/ufc-3271
981ab7a0576f76a0,2024-05-04,Elves Brener,Myktybek Orolbai,215,-275,7,/events/ufc-3271
981ab7a0576f76a0,2024-05-04,Drakkar Klose,Joaquim Silva,-210,175,7,/events/ufc-3271
5dfe71ade71f3a4b,2024-05-11,Alex Caceres,Sean Woodson,207,-262,6,/events/ufc-3238
5dfe71ade71f3a4b,2024-05-11,Robelis Despaigne,Waldo Cortes-Acosta,-262,205,6,/events/ufc-3238
5dfe71ade71f3a4b,2024-05-11,Chase Hooper,Viacheslav Borshchev,-102,-122,6,/events/ufc-3238
5dfe71ade71f3a4b,2024-05-11,Esteban Ribovics,Terrance McKinney,-152,127,6,/events/ufc-3238
5dfe71ade71f3a4b,2024-05-11,Jared Gooden,Kevin Jousset,190,-250,1,/events/ufc-3238
5dfe71ade71f3a4b,2024-05-11,Tabatha Ricci,Tecia Pennington,-153,129,4,/events/ufc-3238
5dfe71ade71f3a4b,2024-05-11,Tabatha Ricci,Tecia Torres,-150,123,2,/events/ufc-3238
5dfe71ade71f3a4b,2024-05-11,Billy Goff,Trey Waters,127,-157,6,/events/ufc-3238
5dfe71ade71f3a4b,2024-05-11,Charles Johnson,Jake Hadley,-111,-109,6,/events/ufc-3238
5dfe71ade71f3a4b,2024-05-11,Jj Aldrich,Veronica Hardy,-100,-119,6,/events/ufc-3238
46baf0f57edfa4df,2024-05-18,Adrian Yanez,Vinicius Salvador,-479,370,6,/events/ufc-3290
46baf0f57edfa4df,2024-05-18,Angela Hill,Luana Pinheiro,-137,115,6,/events/ufc-3290
46baf0f57edfa4df,2024-05-18,Tom Nolan,Victor Martinez,-524,377,6,/events/ufc-3290
46baf0f57edfa4df,2024-05-18,Oumar Sy,Tuco Tokkos,-560,410,6,/events/ufc-3290
46baf0f57edfa4df,2024-05-18,Melissa Gatto,Tamires Vidal,-385,300,6,/events/ufc-3290
46baf0f57edfa4df,2024-05-18,Antonio Trocoli,Oumar Sy,220,-275,1,/events/ufc-3290
46baf0f57edfa4df,2024-05-18,Abus Magomedov,Warlley Alves,-295,237,6,/events/ufc-3290
46baf0f57edfa4df,2024-05-18,Ariane Carnelossi,Piera Rodriguez,184,-225,6,/events/ufc-3290
46baf0f57edfa4df,2024-05-18,Heili Alateng,Kleydson Rodrigues,135,-161,6,/events/ufc-3290
46baf0f57edfa4df,2024-05-18,Emily Ducote,Vanessa Demopoulos,-382,300,6,/events/ufc-3290
6e4acc2c115215b5,2024-06-01,Dustin Poirier,Islam Makhachev,325,-430,6,/events/ufc-3269
6e4acc2c115215b5,2024-06-01,Paulo Costa,Sean Strickland,200,-240,6,/events/ufc-3269
6e4acc2c115215b5,2024-06-01,Kevin Holland,Michal Oleksiejczuk,-307,245,6,/events/ufc-3269
6e4acc2c115215b5,2024-06-01,Alex Morono,Niko Price,-280,227,6,/events/ufc-3269
6e4acc2c115215b5,2024-06-01,Elizeu Zaleski Dos Santos,Randy Brown,152,-185,6,/events/ufc-3269
6e4acc2c115215b5,2024-06-01,Cesar Almeida,Roman Kopylov,-115,-105,6,/events/ufc-3269
6e4acc2c115215b5,2024-06-01,Alexandr Romanov,Jailton Almeida,310,-397,6,/events/ufc-3269
6e4acc2c115215b5,2024-06-01,Grant Dawson,Joe Solecki,-529,395,6,/events/ufc-3269
6e4acc2c115215b5,2024-06-01,Jake Matthews,Phil Rowe,-174,142,6,/events/ufc-3269
cba3a2dfbc06ce79,2024-06-08,Jared Cannonier,Nassourdine Imavov,105,-127,6,/events/ufc-3170
cba3a2dfbc06ce79,2024-06-08,Dominick Reyes,Dustin Jacoby,190,-245,6,/events/ufc-3170
cba3a2dfbc06ce79,2024-06-08,Raul Rosas Jr,Ricky Turcios,-299,227,6,/events/ufc-3170
cba3a2dfbc06ce79,2024-06-08,Brunno Ferreira,Dustin Stoltzfus,-275,220,6,/events/ufc-3170
cba3a2dfbc06ce79,2024-06-08,Julian Marquez,Zachary Reese,-144,117,6,/events/ufc-3170
cba3a2dfbc06ce79,2024-06-08,Miguel Baeza,Punahele Soriano,-202,166,6,/events/ufc-3170
b12a1d19ee383b7c,2024-06-22,Ikram Aliskerov,Robert Whittaker,-105,-114,6,/events/ufc-3277
b12a1d19ee383b7c,2024-06-22,Alexander Volkov,Sergei Pavlovich,192,-239,6,/events/ufc-3277
b12a1d19ee383b7c,2024-06-22,Daniel Rodriguez,Kelvin Gastelum,167,-202,6,/events/ufc-3277
b12a1d19ee383b7c,2024-06-22,Antonio Trocoli,Shara Magomedov,479,-658,6,/events/ufc-3277
b12a1d19ee383b7c,2024-06-22,Johnny Walker,Volkan Oezdemir,-138,112,6,/events/ufc-3277
b12a1d19ee383b7c,2024-06-22,Jared Gordon,Nasrat Haqparast,202,-250,6,/events/ufc-3277
b12a1d19ee383b7c,2024-06-22,Felipe Lima,Muhammadjon Naimov,118,-142,6,/events/ufc-3277
b12a1d19ee383b7c,2024-06-22,Nicolas Dalby,Rinat Fakhretdinov,300,-375,6,/events/ufc-3277
b12a1d19ee383b7c,2024-06-22,Kyung Ho Kang,Muin Gafurov,135,-165,6,/events/ufc-3277
b12a1d19ee383b7c,2024-06-22,Brendson Ribeiro,Magomed Gadzhiyasulov,282,-365,6,/events/ufc-3277
b12a1d19ee383b7c,2024-06-22,Chang Ho Lee,Long Xiao,106,-127,6,/events/ufc-3277
b12a1d19ee383b7c,2024-06-22,Melsik Baghdasaryan,Muhammad Naimov,110,-135,1,/events/ufc-3277
b12a1d19ee383b7c,2024-06-22,Abu Azaitar,Denis Tiuliulin,110,-135,1,/events/ufc-3277
b12a1d19ee383b7c,2024-06-22,Farid Basharat,Montel Jackson,-200,165,1,/events/ufc-3277
b12a1d19ee383b7c,2024-06-22,Khamzat Chimaev,Robert Whittaker,-255,202,6,/events/ufc-3277
f3743d8ef5dde970,2024-06-29,Alex Pereira,Jiri Prochazka,-149,122,6,/events/ufc-303-3283
f3743d8ef5dde970,2024-06-29,Dan Ige,Diego Lopes,230,-290,6,/events/ufc-303-3283
f3743d8ef5dde970,2024-06-29,Brian Ortega,Diego Lopes,132,-161,6,/events/ufc-303-3283
f3743d8ef5dde970,2024-06-29,Anthony Smith,Roman Dolidze,119,-145,6,/events/ufc-303-3283
f3743d8ef5dde970,2024-06-29,Macy Chiasson,Mayra Bueno Silva,-113,-107,6,/events/ufc-303-3283
f3743d8ef5dde970,2024-06-29,Ian Machado Garry,Michael Page,-200,157,6,/events/ufc-303-3283
f3743d8ef5dde970,2024-06-29,Joe Pyfer,Marc-Andre Barriault,-334,250,6,/events/ufc-303-3283
f3743d8ef5dde970,2024-06-29,Andre Fili,Cub Swanson,-239,190,6,/events/ufc-303-3283
f3743d8ef5dde970,2024-06-29,Charles Jourdain,Jean Silva,-134,112,6,/events/ufc-303-3283
f3743d8ef5dde970,2024-06-29,Payton Talbott,Yanis Ghemmouri,-1633,874,6,/events/ufc-303-3283
66e0a70352fef46a,2024-07-13,Rose Namajunas,Tracy Cortez,-272,212,6,/events/ufc-fight-night-3363
66e0a70352fef46a,2024-07-13,Muslim Salikhov,Santiago Ponzinibbio,147,-185,6,/events/ufc-fight-night-3363
66e0a70352fef46a,2024-07-13,Drew Dober,Jean Silva,-109,-110,6,/events/ufc-fight-night-3363
66e0a70352fef46a,2024-07-13,Ange Loosa,Gabriel Bonfim,315,-400,6,/events/ufc-fight-night-3363
66e0a70352fef46a,2024-07-13,Christian Rodriguez,Julian Erosa,-267,217,6,/events/ufc-fight-night-3363
66e0a70352fef46a,2024-07-13,Abdul Razak Alhassan,Cody Brundage,-150,125,6,/events/ufc-fight-night-3363
66e0a70352fef46a,2024-07-13,Charles Johnson,Joshua van,222,-278,6,/events/ufc-fight-night-3363
66e0a70352fef46a,2024-07-13,Fatima Kline,Jasmine Jasudavicius,123,-152,6,/events/ufc-fight-night-3363
66e0a70352fef46a,2024-07-13,Damon Blackshear,Montel Jackson,-107,-112,6,/events/ufc-fight-night-3363
66e0a70352fef46a,2024-07-13,Luana Santos,Mariya Agapova,-400,305,6,/events/ufc-fight-night-3363
c11036da9162cb5f,2024-07-20,Amanda Lemos,Virna Jandiroba,-105,-117,6,/events/ufc-fight-night-3372
c11036da9162cb5f,2024-07-20,Seungwoo Choi,Steve Garcia,151,-183,6,/events/ufc-fight-night-3372
c11036da9162cb5f,2024-07-20,Kaynan Kruschewsky,Kurt Holobaugh,-144,121,6,/events/ufc-fight-night-3372
c11036da9162cb5f,2024-07-20,Bruno Silva,Cody Durden,-149,124,6,/events/ufc-fight-night-3372
c11036da9162cb5f,2024-07-20,Bill Algeo,Doo Ho Choi,-227,190,6,/events/ufc-fight-night-3372
c11036da9162cb5f,2024-07-20,Hyder Amil,Jeongyeong Lee,173,-207,6,/events/ufc-fight-night-3372
026b4f7049085842,2024-07-27,Oban Elliott,Preston Parsons,140,-172,6,/events/ufc-3374
026b4f7049085842,2024-07-27,Marcin Prachnio,Modestas Bukauskas,125,-154,6,/events/ufc-3374
026b4f7049085842,2024-07-27,Kiefer Crosbie,Sam Patterson,360,-492,6,/events/ufc-3374
026b4f7049085842,2024-07-27,Lukasz Brzeski,Mick Parkin,400,-569,6,/events/ufc-3374
026b4f7049085842,2024-07-27,Alice Ardelean,Shauna Bannon,160,-193,6,/events/ufc-3374
026b4f7049085842,2024-07-27,Caolan Loughran,Ramon Taveras,-225,185,1,/events/ufc-3374
2c733e059462c1dc,2024-08-10,Chelsea Chandler,Yana Santos,123,-154,6,/events/ufc-3406
2c733e059462c1dc,2024-08-10,Charalampos Grigoriou,Toshiomi Kazama,-250,200,6,/events/ufc-3406
2c733e059462c1dc,2024-08-10,Karol Rosa,Pannie Kianzad,-272,215,6,/events/ufc-3406
2c733e059462c1dc,2024-08-10,Jhonata Diniz,Karl Williams,151,-182,6,/events/ufc-3406
2c733e059462c1dc,2024-08-10,Allan Nascimento,Jafel Filho,-200,165,1,/events/ufc-3406
2c733e059462c1dc,2024-08-10,Jonny Parsons,Yusaku Kinoshita,-185,150,1,/events/ufc-3406
2c733e059462c1dc,2024-08-10,Jarno Errens,Youssef Zalal,380,-539,6,/events/ufc-3406
2c733e059462c1dc,2024-08-10,Stephanie Luciano,Talita Alencar,-165,133,6,/events/ufc-3406
2c733e059462c1dc,2024-08-10,Chris Gutierrez,Javid Basharat,195,-250,1,/events/ufc-3406
32ba186f4b0e3267,2024-08-17,Dricus Du Plessis,Israel Adesanya,-110,-110,6,/events/ufc-3350
32ba186f4b0e3267,2024-08-17,Kai Kara-France,Steve Erceg,225,-282,6,/events/ufc-3350
32ba186f4b0e3267,2024-08-17,Dan Hooker,Mateusz Gamrot,310,-419,6,/events/ufc-3350
32ba186f4b0e3267,2024-08-17,Jairzinho Rozenstruik,Tai Tuivasa,-230,186,6,/events/ufc-3350
32ba186f4b0e3267,2024-08-17,Carlos Prates,Li Jingliang,-395,315,6,/events/ufc-3350
32ba186f4b0e3267,2024-08-17,Junior Tafa,Valter Walker,-102,-117,6,/events/ufc-3350
32ba186f4b0e3267,2024-08-17,Josh Culibao,Ricardo Ramos,-124,103,6,/events/ufc-3350
32ba186f4b0e3267,2024-08-17,Casey O'Neill,Luana Santos,115,-139,6,/events/ufc-3350
32ba186f4b0e3267,2024-08-17,Herbert Burns,Jack Jenkins,477,-660,6,/events/ufc-3350
be8ad887e4d674b0,2024-08-24,Caio Borralho,Jared Cannonier,-287,230,6,/events/ufc-3441
be8ad887e4d674b0,2024-08-24,Angela Hill,Tabatha Ricci,150,-181,6,/events/ufc-3441
be8ad887e4d674b0,2024-08-24,Robert Valentin,Ryan Loder,-144,120,6,/events/ufc-3441
be8ad887e4d674b0,2024-08-24,Kaan Ofli,Mairon Santos,183,-225,6,/events/ufc-3441
be8ad887e4d674b0,2024-08-24,Michael Morales,Neil Magny,-900,600,6,/events/ufc-3441
be8ad887e4d674b0,2024-08-24,Edmen Shahbazyan,Gerald Meerschaert,-332,260,6,/events/ufc-3441
be8ad887e4d674b0,2024-08-24,Dennis Buzukja,Francis Marshall,166,-207,6,/events/ufc-3441
be8ad887e4d674b0,2024-08-24,Jose Medina,Zach Reese,545,-785,6,/events/ufc-3441
be8ad887e4d674b0,2024-08-24,James Llontop,Viacheslav Borshchev,192,-240,6,/events/ufc-3441
be8ad887e4d674b0,2024-08-24,Jacqueline Cavalcanti,Josiane Nunes,-288,225,6,/events/ufc-3441
ee0b69e307c857e5,2024-09-07,Cody Durden,Matt Schnell,-290,225,6,/events/ufc-3415
ee0b69e307c857e5,2024-09-07,Trevor Peek,Yanal Ashmouz,-105,-116,6,/events/ufc-3415
ee0b69e307c857e5,2024-09-07,Chris Padilla,Rong Zhu,200,-247,6,/events/ufc-3415
ee0b69e307c857e5,2024-09-07,Brendon Marotte,Isaac Dulgarian,1148,-2728,6,/events/ufc-3415
ee0b69e307c857e5,2024-09-07,Ovince St. Preux,Ryan Spann,260,-350,1,/events/ufc-3415
ee0b69e307c857e5,2024-09-07,Andre Lima,Felipe Dos Santos,-166,140,6,/events/ufc-3415
ee0b69e307c857e5,2024-09-07,Gabriel Santos,Yizha,-272,215,4,/events/ufc-3415
ee0b69e307c857e5,2024-09-07,Gabriel Santos,Zha Yi,-275,222,2,/events/ufc-3415
ee0b69e307c857e5,2024-09-07,Jaqueline Amorim,Vanessa Demopoulos,-275,222,6,/events/ufc-3415
ee0b69e307c857e5,2024-09-07,Andre Petroski,Dylan Budka,-300,240,6,/events/ufc-3415
ee0b69e307c857e5,2024-09-07,Nathan Fletcher,Zygimantas Ramaska,-139,113,6,/events/ufc-3415
0c01568b1ac77bff,2024-09-14,Merab Dvalishvili,Sean O'Malley,-102,-118,6,/events/ufc-3371
0c01568b1ac77bff,2024-09-14,Alexa Grasso,Valentina Shevchenko,-129,109,6,/events/ufc-3371
0c01568b1ac77bff,2024-09-14,Brian Ortega,Diego Lopes,172,-210,6,/events/ufc-3371
0c01568b1ac77bff,2024-09-14,Daniel Zellhuber,Esteban Ribovics,-200,163,6,/events/ufc-3371
0c01568b1ac77bff,2024-09-14,Ode Osbourne,Ronaldo Rodriguez,170,-207,6,/events/ufc-3371
0c01568b1ac77bff,2024-09-14,Irene Aldana,Norma Dumont,110,-130,6,/events/ufc-3371
0c01568b1ac77bff,2024-09-14,Ignacio Bahamondes,Manuel Torres,113,-137,6,/events/ufc-3371
0c01568b1ac77bff,2024-09-14,Ketlen Souza,Yazmin Jauregui,390,-525,6,/events/ufc-3371
0c01568b1ac77bff,2024-09-14,Edgar Chairez,Joshua van,230,-288,6,/events/ufc-3371
eee8efec7b951d84,2024-10-05,Alex Pereira,Khalil Rountree Jr.,-455,345,6,/events/ufc-3433
eee8efec7b951d84,2024-10-05,Julianna Pena,Raquel Pennington,131,-160,6,/events/ufc-3433
eee8efec7b951d84,2024-10-05,Jose Aldo,Mario Bautista,106,-128,6,/events/ufc-3433
eee8efec7b951d84,2024-10-05,Kevin Holland,Roman Dolidze,-149,125,6,/events/ufc-3433
eee8efec7b951d84,2024-10-05,Kayla Harrison,Ketlen Vieira,-1100,700,6,/events/ufc-3433
eee8efec7b951d84,2024-10-05,Joaquin Buckley,Stephen Thompson,-225,185,6,/events/ufc-3433
eee8efec7b951d84,2024-10-05,Iasmin Lucindo,Marina Rodriguez,-186,153,6,/events/ufc-3433
eee8efec7b951d84,2024-10-05,Alexander Hernandez,Austin Hubbard,-109,-110,6,/events/ufc-3433
eee8efec7b951d84,2024-10-05,Cesar Almeida,Ihor Potieria,-474,355,6,/events/ufc-3433
5bdcbd8dd681a257,2024-10-12,Grant Dawson,Rafa Garcia,-377,277,6,/events/ufc-3500
5bdcbd8dd681a257,2024-10-12,Alex Morono,Daniel Rodriguez,197,-242,6,/events/ufc-3500
5bdcbd8dd681a257,2024-10-12,Cj Vergara,Ramazan Temirov,250,-324,6,/events/ufc-3500
5bdcbd8dd681a257,2024-10-12,Jonathan Pearce,Pat Sabatini,-178,149,6,/events/ufc-3500
5bdcbd8dd681a257,2024-10-12,Abdul Razak Alhassan,Josh Fremd,-165,140,1,/events/ufc-3500
5bdcbd8dd681a257,2024-10-12,Niko Price,Themba Gorimbo,242,-307,6,/events/ufc-3500
5bdcbd8dd681a257,2024-10-12,Junior Tafa,Sean Sharaf,-240,196,6,/events/ufc-3500
5bdcbd8dd681a257,2024-10-12,Chris Barnett,Junior Tafa,300,-400,1,/events/ufc-3500
5bdcbd8dd681a257,2024-10-12,Cory McKenna,Julia Polastri,-110,-110,5,/events/ufc-3500
5bdcbd8dd681a257,2024-10-12,Cody Haddon,Daniel Argueta,-162,131,6,/events/ufc-3500
5bdcbd8dd681a257,2024-10-12,Clayton Carpenter,Lucas Rocha,-247,190,6,/events/ufc-3500
3ab0df1ddd5f1dc2,2024-11-02,Amir Albazi,Brandon Moreno,141,-172,6,/events/ufc-fight-night-3436
3ab0df1ddd5f1dc2,2024-11-02,Erin Blanchfield,Rose Namajunas,-155,130,6,/events/ufc-fight-night-3436
3ab0df1ddd5f1dc2,2024-11-02,Brendson Ribeiro,Caio Machado,149,-185,6,/events/ufc-fight-night-3436
3ab0df1ddd5f1dc2,2024-11-02,Ariane da Silva,Jasmine Jasudavicius,189,-245,4,/events/ufc-fight-night-3436
3ab0df1ddd5f1dc2,2024-11-02,Ariane Lipski,Jasmine Jasudavicius,192,-232,2,/events/ufc-fight-night-3436
3ab0df1ddd5f1dc2,2024-11-02,Dustin Stoltzfus,Marc-Andre Barriault,217,-265,6,/events/ufc-fight-night-3436
3ab0df1ddd5f1dc2,2024-11-02,Mike Malott,Trevin Giles,-375,292,6,/events/ufc-fight-night-3436
585f9ffdb0cd0466,2024-11-09,Carlos Prates,Neil Magny,-800,550,6,/events/ufc-3537
585f9ffdb0cd0466,2024-11-09,Gerald Meerschaert,Reinier de Ridder,250,-334,6,/events/ufc-3537
585f9ffdb0cd0466,2024-11-09,Cortavious Romious,Gaston Bolanos,-250,199,6,/events/ufc-3537
585f9ffdb0cd0466,2024-11-09,Gillian Robertson,Luana Pinheiro,-452,350,6,/events/ufc-3537
585f9ffdb0cd0466,2024-11-09,Dusko Todorovic,Mansur Abdul-Malik,370,-492,6,/events/ufc-3537
585f9ffdb0cd0466,2024-11-09,Benardo Sopaj,Ricky Turcios,-375,285,1,/events/ufc-3537
daff32bc96d1eabf,2024-11-16,Jon Jones,Stipe Miocic,-550,405,6,/events/ufc-3476
daff32bc96d1eabf,2024-11-16,Charles Oliveira,Michael Chandler,-257,205,6,/events/ufc-3476
daff32bc96d1eabf,2024-11-16,Bo Nickal,Paul Craig,-1202,712,6,/events/ufc-3476
daff32bc96d1eabf,2024-11-16,Karine Silva,Viviane Araujo,-305,240,6,/events/ufc-3476
daff32bc96d1eabf,2024-11-16,James Llontop,Mauricio Ruffy,645,-1000,6,/events/ufc-3476
daff32bc96d1eabf,2024-11-16,Jonathan Martinez,Marcus McGhee,-102,-116,6,/events/ufc-3476
daff32bc96d1eabf,2024-11-16,Chris Weidman,Eryk Anders,-105,-116,6,/events/ufc-3476
daff32bc96d1eabf,2024-11-16,Damon Jackson,Jim Miller,-231,187,6,/events/ufc-3476
daff32bc96d1eabf,2024-11-16,David Onama,Roberto Romero,-1375,800,6,/events/ufc-3476
daff32bc96d1eabf,2024-11-16,Jhonata Diniz,Marcin Tybura,-115,-105,6,/events/ufc-3476
daff32bc96d1eabf,2024-11-16,Mickey Gall,Ramiz Brahimaj,-178,145,6,/events/ufc-3476
daff32bc96d1eabf,2024-11-16,Bassil Hafez,Oban Elliott,240,-300,6,/events/ufc-3476
e955046551f8c7dd,2024-11-23,Deiveson Figueiredo,Petr Yan,232,-287,6,/events/ufc-3549
e955046551f8c7dd,2024-11-23,Tabatha Ricci,Xiaonan Yan,157,-190,6,/events/ufc-3549
e955046551f8c7dd,2024-11-23,Kenan Song,Muslim Salikhov,180,-227,6,/events/ufc-3549
e955046551f8c7dd,2024-11-23,Cong Wang,Gabriella Fernandes,-1200,750,4,/events/ufc-3549
e955046551f8c7dd,2024-11-23,Gabriella Fernandes,Wang Cong,619,-974,2,/events/ufc-3549
e955046551f8c7dd,2024-11-23,Carlos Ulberg,Volkan Oezdemir,-300,230,6,/events/ufc-3549
e955046551f8c7dd,2024-11-23,Mingyang Zhang,Ozzy Diaz,-270,207,2,/events/ufc-3549
e955046551f8c7dd,2024-11-23,Ozzy Diaz,Zhang Mingyang,205,-255,4,/events/ufc-3549
e955046551f8c7dd,2024-11-23,Balgyn Jenisuly,Su Young You,180,-230,1,/events/ufc-3549
e955046551f8c7dd,2024-11-23,Baergeng Jieleyisi,Suyoung Yu,190,-230,5,/events/ufc-3549
e955046551f8c7dd,2024-11-23,Dong Hoon Choi,Kiru Sahota,-123,103,6,/events/ufc-3549
e955046551f8c7dd,2024-11-23,Feng Xiaocan,Shi Ming,-518,390,2,/events/ufc-3549
e955046551f8c7dd,2024-11-23,Ming Shi,Xiaocan Feng,425,-579,4,/events/ufc-3549
e955046551f8c7dd,2024-11-23,Carlos Hernandez,Nyamjargal Tumendemberel,-131,107,6,/events/ufc-3549
e955046551f8c7dd,2024-11-23,Jose Ochoa,Lone'er Kavanagh,265,-350,6,/events/ufc-3549
e955046551f8c7dd,2024-11-23,Long Xiao,Quang Le,-161,135,4,/events/ufc-3549
e955046551f8c7dd,2024-11-23,Quang Le,Xiao Long,121,-147,2,/events/ufc-3549
e955046551f8c7dd,2024-11-23,Maheshate Hayisaer,Nikolas Motta,-235,187,6,/events/ufc-3549
e955046551f8c7dd,2024-11-23,Bin Xie,Kangjie Zhu,-120,-100,1,/events/ufc-3549
e6015889f50075d2,2025-02-08,Dricus Du Plessis,Sean Strickland,-222,179,6,/events/ufc-3626
e6015889f50075d2,2025-02-08,Tatiana Suarez,Zhang Weili,-147,123,6,/events/ufc-3626
e6015889f50075d2,2025-02-08,Justin Tafa,Tallison Teixeira,131,-157,6,/events/ufc-3626
e6015889f50075d2,2025-02-08,Francisco Prado,Jake Matthews,200,-245,5,/events/ufc-3626
e6015889f50075d2,2025-02-08,Jim Crute,Rodolfo Bellato,120,-145,6,/events/ufc-3626
e6015889f50075d2,2025-02-08,Gabriel Santos,Jack Jenkins,-225,184,6,/events/ufc-3626
e6015889f50075d2,2025-02-08,Tom Nolan,Viacheslav Borshchev,-105,-117,6,/events/ufc-3626
e6015889f50075d2,2025-02-08,Bruna Brasil,Cong Wang,255,-342,6,/events/ufc-3626
e6015889f50075d2,2025-02-08,Aleksandre Topuria,Colby Thicknesse,-350,275,5,/events/ufc-3626
e6015889f50075d2,2025-02-08,Kody Steele,Rongzhu,-340,265,5,/events/ufc-3626
e6015889f50075d2,2025-02-08,Jonathan Micallef,Kevin Jousset,172,-210,6,/events/ufc-3626
b8e2f10efb6eca85,2025-07-19,Dustin Poirier,Max Holloway,-108,-118,5,/events/ufc-3706
b8e2f10efb6eca85,2025-07-19,Adam Fugitt,Islam Dulatov,350,-549,3,/events/ufc-3706
b8e2f10efb6eca85,2025-07-19,Brendan Allen,Marvin Vettori,-265,200,3,/events/ufc-3706
b8e2f10efb6eca85,2025-07-19,Gunnar Nelson,Neil Magny,-335,240,3,/events/ufc-3706
bc0f994de0521926,2025-12-13,Brandon Royval,Manel Kape,210,-275,6,/events/ufc-vegas-112-3987
bc0f994de0521926,2025-12-13,Giga Chikadze,Kevin Vallejos,282,-360,6,/events/ufc-vegas-112-3987
bc0f994de0521926,2025-12-13,Cesar Almeida,Cezary Oleksiejczuk,177,-220,6,/events/ufc-vegas-112-3987
bc0f994de0521926,2025-12-13,Melquizael Costa,Morgan Charriere,-161,132,6,/events/ufc-vegas-112-3987
bc0f994de0521926,2025-12-13,Kennedy Nzechukwu,Marcus Buchecha,-129,106,6,/events/ufc-vegas-112-3987
bc0f994de0521926,2025-12-13,Bobby Green,Lance Gibson Jr,-184,150,6,/events/ufc-vegas-112-3987
bc0f994de0521926,2025-12-13,Amanda Lemos,Gillian Robertson,164,-200,6,/events/ufc-vegas-112-3987
bc0f994de0521926,2025-12-13,Neil Magny,Yaroslav Amosov,385,-524,6,/events/ufc-vegas-112-3987
bc0f994de0521926,2025-12-13,Isaac Thomson,Joanderson Brito,194,-245,6,/events/ufc-vegas-112-3987
bc0f994de0521926,2025-12-13,Sean Sharaf,Steven Asplund,180,-227,6,/events/ufc-vegas-112-3987
bc0f994de0521926,2025-12-13,Luana Santos,Melissa Croden,-137,112,6,/events/ufc-vegas-112-3987
bc0f994de0521926,2025-12-13,Allen Frye,Guilherme Pat,140,-177,6,/events/ufc-vegas-112-3987
bc0f994de0521926,2025-12-13,Jamey-Lyn Horth,Tereza Bleda,181,-224,6,/events/ufc-vegas-112-3987
